date,tmax,tmin,avtemp
1/2/2010,34,17,25.5
1/3/2010,22,17,19.5
1/4/2010,30,19,24.5
1/5/2010,30,20,25
1/6/2010,34,26,30
1/7/2010,37,30,33.5
1/8/2010,33,23,28
1/9/2010,30,18,24
1/10/2010,28,14,21
1/11/2010,31,21,26
1/12/2010,35,24,29.5
1/13/2010,35,24,29.5
1/14/2010,42,30,36
1/15/2010,50,35,42.5
1/16/2010,49,38,43.5
1/17/2010,46,35,40.5
1/18/2010,50,37,43.5
1/19/2010,48,40,44
1/20/2010,41,34,37.5
1/21/2010,41,31,36
1/22/2010,44,32,38
1/23/2010,40,28,34
1/24/2010,50,32,41
1/25/2010,57,49,53
1/26/2010,49,35,42
1/27/2010,39,31,35
1/28/2010,42,20,31
1/29/2010,23,16,19.5
1/30/2010,20,13,16.5
1/31/2010,30,14,22
2/1/2010,35,25,30
2/2/2010,33,27,30
2/3/2010,39,29,34
2/4/2010,37,28,32.5
2/5/2010,36,29,32.5
2/6/2010,33,20,26.5
2/7/2010,34,17,25.5
2/8/2010,37,23,30
2/9/2010,42,28,35
2/10/2010,34,30,32
2/11/2010,37,28,32.5
2/12/2010,37,26,31.5
2/13/2010,32,24,28
2/14/2010,39,28,33.5
2/15/2010,40,27,33.5
2/16/2010,33,29,31
2/17/2010,35,26,30.5
2/18/2010,40,32,36
2/19/2010,43,35,39
2/20/2010,44,35,39.5
2/21/2010,46,33,39.5
2/22/2010,45,29,37
2/23/2010,38,35,36.5
2/24/2010,42,36,39
2/25/2010,38,27,32.5
2/26/2010,33,26,29.5
2/27/2010,38,29,33.5
2/28/2010,40,33,36.5
3/1/2010,48,36,42
3/2/2010,47,36,41.5
3/3/2010,41,34,37.5
3/4/2010,47,35,41
3/5/2010,49,34,41.5
3/6/2010,54,32,43
3/7/2010,57,37,47
3/8/2010,61,41,51
3/9/2010,61,44,52.5
3/10/2010,57,44,50.5
3/11/2010,53,42,47.5
3/12/2010,43,39,41
3/13/2010,46,38,42
3/14/2010,50,43,46.5
3/15/2010,46,41,43.5
3/16/2010,63,41,52
3/17/2010,66,43,54.5
3/18/2010,69,50,59.5
3/19/2010,72,49,60.5
3/20/2010,74,54,64
3/21/2010,64,51,57.5
3/22/2010,57,50,53.5
3/23/2010,53,45,49
3/24/2010,60,43,51.5
3/25/2010,62,48,55
3/26/2010,52,34,43
3/27/2010,44,29,36.5
3/28/2010,49,36,42.5
3/29/2010,53,48,50.5
3/30/2010,50,41,45.5
3/31/2010,57,45,51
4/1/2010,70,48,59
4/2/2010,68,48,58
4/3/2010,67,47,57
4/4/2010,76,47,61.5
4/5/2010,75,56,65.5
4/6/2010,78,58,68
4/7/2010,92,56,74
4/8/2010,80,64,72
4/9/2010,68,44,56
4/10/2010,62,42,52
4/11/2010,76,52,64
4/12/2010,67,52,59.5
4/13/2010,56,47,51.5
4/14/2010,67,45,56
4/15/2010,73,50,61.5
4/16/2010,57,46,51.5
4/17/2010,54,46,50
4/18/2010,57,42,49.5
4/19/2010,63,46,54.5
4/20/2010,70,47,58.5
4/21/2010,69,53,61
4/22/2010,72,51,61.5
4/23/2010,68,44,56
4/24/2010,68,46,57
4/25/2010,52,46,49
4/26/2010,53,48,50.5
4/27/2010,58,41,49.5
4/28/2010,56,40,48
4/29/2010,69,45,57
4/30/2010,78,56,67
5/1/2010,85,64,74.5
5/2/2010,88,66,77
5/3/2010,80,67,73.5
5/4/2010,81,62,71.5
5/5/2010,80,58,69
5/6/2010,78,59,68.5
5/7/2010,73,52,62.5
5/8/2010,76,49,62.5
5/9/2010,52,44,48
5/10/2010,61,41,51
5/11/2010,56,43,49.5
5/12/2010,48,44,46
5/13/2010,67,43,55
5/14/2010,80,55,67.5
5/15/2010,73,60,66.5
5/16/2010,72,54,63
5/17/2010,74,55,64.5
5/18/2010,62,50,56
5/19/2010,64,50,57
5/20/2010,79,55,67
5/21/2010,85,61,73
5/22/2010,74,57,65.5
5/23/2010,71,58,64.5
5/24/2010,73,60,66.5
5/25/2010,82,61,71.5
5/26/2010,92,65,78.5
5/27/2010,83,55,69
5/28/2010,70,56,63
5/29/2010,77,61,69
5/30/2010,84,67,75.5
5/31/2010,86,69,77.5
6/1/2010,85,66,75.5
6/2/2010,87,67,77
6/3/2010,87,67,77
6/4/2010,88,72,80
6/5/2010,88,76,82
6/6/2010,89,61,75
6/7/2010,75,57,66
6/8/2010,75,58,66.5
6/9/2010,68,57,62.5
6/10/2010,74,58,66
6/11/2010,71,58,64.5
6/12/2010,79,61,70
6/13/2010,78,65,71.5
6/14/2010,79,64,71.5
6/15/2010,81,64,72.5
6/16/2010,75,64,69.5
6/17/2010,74,65,69.5
6/18/2010,86,60,73
6/19/2010,81,64,72.5
6/20/2010,89,71,80
6/21/2010,87,71,79
6/22/2010,87,71,79
6/23/2010,89,71,80
6/24/2010,92,76,84
6/25/2010,87,71,79
6/26/2010,89,71,80
6/27/2010,91,71,81
6/28/2010,93,76,84.5
6/29/2010,91,70,80.5
6/30/2010,79,62,70.5
7/1/2010,77,62,69.5
7/2/2010,82,61,71.5
7/3/2010,89,65,77
7/4/2010,96,73,84.5
7/5/2010,99,76,87.5
7/6/2010,103,81,92
7/7/2010,100,80,90
7/8/2010,89,77,83
7/9/2010,90,75,82.5
7/10/2010,83,73,78
7/11/2010,94,71,82.5
7/12/2010,94,73,83.5
7/13/2010,83,73,78
7/14/2010,79,73,76
7/15/2010,87,72,79.5
7/16/2010,93,74,83.5
7/17/2010,94,76,85
7/18/2010,94,78,86
7/19/2010,92,72,82
7/20/2010,89,74,81.5
7/21/2010,93,76,84.5
7/22/2010,90,74,82
7/23/2010,87,73,80
7/24/2010,97,80,88.5
7/25/2010,93,70,81.5
7/26/2010,87,68,77.5
7/27/2010,91,70,80.5
7/28/2010,89,74,81.5
7/29/2010,89,74,81.5
7/30/2010,85,66,75.5
7/31/2010,85,66,75.5
8/1/2010,80,70,75
8/2/2010,85,69,77
8/3/2010,86,72,79
8/4/2010,91,75,83
8/5/2010,95,77,86
8/6/2010,90,70,80
8/7/2010,87,68,77.5
8/8/2010,89,73,81
8/9/2010,94,74,84
8/10/2010,92,78,85
8/11/2010,93,76,84.5
8/12/2010,76,68,72
8/13/2010,82,68,75
8/14/2010,82,65,73.5
8/15/2010,77,67,72
8/16/2010,86,69,77.5
8/17/2010,91,74,82.5
8/18/2010,86,72,79
8/19/2010,91,68,79.5
8/20/2010,90,73,81.5
8/21/2010,85,66,75.5
8/22/2010,80,69,74.5
8/23/2010,70,65,67.5
8/24/2010,70,64,67
8/25/2010,69,64,66.5
8/26/2010,82,65,73.5
8/27/2010,79,61,70
8/28/2010,83,62,72.5
8/29/2010,94,67,80.5
8/30/2010,92,72,82
8/31/2010,96,76,86
9/1/2010,96,76,86
9/2/2010,94,78,86
9/3/2010,85,75,80
9/4/2010,81,64,72.5
9/5/2010,78,61,69.5
9/6/2010,80,60,70
9/7/2010,89,68,78.5
9/8/2010,90,66,78
9/9/2010,70,61,65.5
9/10/2010,74,61,67.5
9/11/2010,79,59,69
9/12/2010,67,59,63
9/13/2010,77,59,68
9/14/2010,76,60,68
9/15/2010,72,57,64.5
9/16/2010,72,57,64.5
9/17/2010,71,59,65
9/18/2010,70,58,64
9/19/2010,81,61,71
9/20/2010,74,59,66.5
9/21/2010,74,54,64
9/22/2010,87,64,75.5
9/23/2010,81,66,73.5
9/24/2010,85,67,76
9/25/2010,89,67,78
9/26/2010,72,63,67.5
9/27/2010,72,61,66.5
9/28/2010,73,70,71.5
9/29/2010,78,63,70.5
9/30/2010,75,69,72
10/1/2010,74,59,66.5
10/2/2010,66,52,59
10/3/2010,64,50,57
10/4/2010,55,52,53.5
10/5/2010,61,53,57
10/6/2010,64,54,59
10/7/2010,71,53,62
10/8/2010,73,54,63.5
10/9/2010,72,54,63
10/10/2010,69,46,57.5
10/11/2010,75,57,66
10/12/2010,69,54,61.5
10/13/2010,64,48,56
10/14/2010,63,50,56.5
10/15/2010,57,49,53
10/16/2010,58,50,54
10/17/2010,69,48,58.5
10/18/2010,60,50,55
10/19/2010,59,47,53
10/20/2010,59,47,53
10/21/2010,62,49,55.5
10/22/2010,53,46,49.5
10/23/2010,64,44,54
10/24/2010,68,53,60.5
10/25/2010,74,54,64
10/26/2010,72,63,67.5
10/27/2010,75,65,70
10/28/2010,74,56,65
10/29/2010,57,47,52
10/30/2010,57,42,49.5
10/31/2010,58,42,50
11/1/2010,49,37,43
11/2/2010,50,36,43
11/3/2010,54,41,47.5
11/4/2010,51,47,49
11/5/2010,52,45,48.5
11/6/2010,51,40,45.5
11/7/2010,51,36,43.5
11/8/2010,45,40,42.5
11/9/2010,54,41,47.5
11/10/2010,56,46,51
11/11/2010,56,42,49
11/12/2010,62,45,53.5
11/13/2010,64,46,55
11/14/2010,61,46,53.5
11/15/2010,57,50,53.5
11/16/2010,59,52,55.5
11/17/2010,60,51,55.5
11/18/2010,55,45,50
11/19/2010,48,40,44
11/20/2010,55,41,48
11/21/2010,48,39,43.5
11/22/2010,65,45,55
11/23/2010,61,50,55.5
11/24/2010,50,41,45.5
11/25/2010,46,39,42.5
11/26/2010,53,38,45.5
11/27/2010,42,34,38
11/28/2010,47,34,40.5
11/29/2010,48,35,41.5
11/30/2010,57,44,50.5
12/1/2010,60,40,50
12/2/2010,42,34,38
12/3/2010,40,33,36.5
12/4/2010,40,32,36
12/5/2010,35,30,32.5
12/6/2010,35,30,32.5
12/7/2010,36,30,33
12/8/2010,34,27,30.5
12/9/2010,30,23,26.5
12/10/2010,38,22,30
12/11/2010,46,34,40
12/12/2010,56,40,48
12/13/2010,49,21,35
12/14/2010,23,19,21
12/15/2010,27,20,23.5
12/16/2010,30,23,26.5
12/17/2010,36,23,29.5
12/18/2010,36,28,32
12/19/2010,37,30,33.5
12/20/2010,37,25,31
12/21/2010,38,28,33
12/22/2010,38,28,33
12/23/2010,35,30,32.5
12/24/2010,40,29,34.5
12/25/2010,32,25,28.5
12/26/2010,30,21,25.5
12/27/2010,28,20,24
12/28/2010,38,24,31
12/29/2010,37,31,34
12/30/2010,40,28,34
12/31/2010,45,36,40.5
1/1/2011,53,40,46.5
1/2/2011,52,35,43.5
1/3/2011,36,28,32
1/4/2011,40,30,35
1/5/2011,39,29,34
1/6/2011,33,26,29.5
1/7/2011,33,25,29
1/8/2011,31,23,27
1/9/2011,32,26,29
1/10/2011,35,24,29.5
1/11/2011,31,23,27
1/12/2011,31,24,27.5
1/13/2011,30,18,24
1/14/2011,30,18,24
1/15/2011,38,23,30.5
1/16/2011,37,26,31.5
1/17/2011,27,19,23
1/18/2011,41,24,32.5
1/19/2011,41,35,38
1/20/2011,35,30,32.5
1/21/2011,32,18,25
1/22/2011,24,13,18.5
1/23/2011,24,11,17.5
1/24/2011,24,6,15
1/25/2011,37,24,30.5
1/26/2011,35,30,32.5
1/27/2011,36,29,32.5
1/28/2011,34,28,31
1/29/2011,36,29,32.5
1/30/2011,39,27,33
1/31/2011,31,22,26.5
2/1/2011,30,25,27.5
2/2/2011,38,27,32.5
2/3/2011,34,24,29
2/4/2011,34,23,28.5
2/5/2011,43,31,37
2/6/2011,45,37,41
2/7/2011,45,36,40.5
2/8/2011,41,18,29.5
2/9/2011,29,15,22
2/10/2011,29,22,25.5
2/11/2011,37,19,28
2/12/2011,40,30,35
2/13/2011,46,28,37
2/14/2011,58,37,47.5
2/15/2011,37,25,31
2/16/2011,48,26,37
2/17/2011,63,46,54.5
2/18/2011,67,46,56.5
2/19/2011,54,23,38.5
2/20/2011,40,21,30.5
2/21/2011,37,24,30.5
2/22/2011,36,16,26
2/23/2011,40,21,30.5
2/24/2011,44,30,37
2/25/2011,57,34,45.5
2/26/2011,43,31,37
2/27/2011,50,38,44
2/28/2011,60,40,50
3/1/2011,46,33,39.5
3/2/2011,53,25,39
3/3/2011,33,20,26.5
3/4/2011,41,27,34
3/5/2011,61,41,51
3/6/2011,54,50,52
3/7/2011,53,34,43.5
3/8/2011,48,29,38.5
3/9/2011,45,34,39.5
3/10/2011,53,38,45.5
3/11/2011,55,40,47.5
3/12/2011,56,38,47
3/13/2011,53,41,47
3/14/2011,45,37,41
3/15/2011,47,34,40.5
3/16/2011,57,38,47.5
3/17/2011,65,44,54.5
3/18/2011,77,51,64
3/19/2011,59,38,48.5
3/20/2011,51,34,42.5
3/21/2011,45,36,40.5
3/22/2011,50,40,45
3/23/2011,40,32,36
3/24/2011,44,30,37
3/25/2011,42,28,35
3/26/2011,40,26,33
3/27/2011,45,28,36.5
3/28/2011,45,26,35.5
3/29/2011,49,31,40
3/30/2011,53,36,44.5
3/31/2011,43,37,40
4/1/2011,44,35,39.5
4/2/2011,55,38,46.5
4/3/2011,58,42,50
4/4/2011,63,43,53
4/5/2011,67,41,54
4/6/2011,55,38,46.5
4/7/2011,52,42,47
4/8/2011,49,42,45.5
4/9/2011,58,40,49
4/10/2011,56,46,51
4/11/2011,81,50,65.5
4/12/2011,72,45,58.5
4/13/2011,50,43,46.5
4/14/2011,69,48,58.5
4/15/2011,56,41,48.5
4/16/2011,55,41,48
4/17/2011,61,50,55.5
4/18/2011,63,47,55
4/19/2011,53,47,50
4/20/2011,65,45,55
4/21/2011,63,43,53
4/22/2011,51,40,45.5
4/23/2011,61,43,52
4/24/2011,80,54,67
4/25/2011,75,56,65.5
4/26/2011,83,54,68.5
4/27/2011,75,61,68
4/28/2011,72,61,66.5
4/29/2011,69,54,61.5
4/30/2011,67,50,58.5
5/1/2011,69,50,59.5
5/2/2011,63,50,56.5
5/3/2011,75,55,65
5/4/2011,64,46,55
5/5/2011,65,46,55.5
5/6/2011,72,50,61
5/7/2011,72,55,63.5
5/8/2011,74,52,63
5/9/2011,71,54,62.5
5/10/2011,75,53,64
5/11/2011,71,52,61.5
5/12/2011,74,52,63
5/13/2011,67,52,59.5
5/14/2011,64,57,60.5
5/15/2011,69,58,63.5
5/16/2011,62,53,57.5
5/17/2011,60,52,56
5/18/2011,67,54,60.5
5/19/2011,75,60,67.5
5/20/2011,64,57,60.5
5/21/2011,78,55,66.5
5/22/2011,58,54,56
5/23/2011,67,55,61
5/24/2011,81,66,73.5
5/25/2011,84,65,74.5
5/26/2011,78,64,71
5/27/2011,83,65,74
5/28/2011,84,67,75.5
5/29/2011,82,67,74.5
5/30/2011,86,70,78
5/31/2011,89,69,79
6/1/2011,90,69,79.5
6/2/2011,80,62,71
6/3/2011,76,57,66.5
6/4/2011,75,59,67
6/5/2011,70,56,63
6/6/2011,81,60,70.5
6/7/2011,87,66,76.5
6/8/2011,94,73,83.5
6/9/2011,95,69,82
6/10/2011,87,70,78.5
6/11/2011,72,59,65.5
6/12/2011,74,58,66
6/13/2011,73,60,66.5
6/14/2011,72,58,65
6/15/2011,83,56,69.5
6/16/2011,84,62,73
6/17/2011,76,64,70
6/18/2011,83,64,73.5
6/19/2011,83,69,76
6/20/2011,81,67,74
6/21/2011,82,70,76
6/22/2011,80,71,75.5
6/23/2011,71,66,68.5
6/24/2011,70,65,67.5
6/25/2011,80,64,72
6/26/2011,79,66,72.5
6/27/2011,82,66,74
6/28/2011,83,72,77.5
6/29/2011,82,69,75.5
6/30/2011,82,65,73.5
7/1/2011,83,63,73
7/2/2011,86,68,77
7/3/2011,74,69,71.5
7/4/2011,86,70,78
7/5/2011,87,70,78.5
7/6/2011,89,73,81
7/7/2011,92,74,83
7/8/2011,85,68,76.5
7/9/2011,88,67,77.5
7/10/2011,86,68,77
7/11/2011,91,74,82.5
7/12/2011,93,78,85.5
7/13/2011,86,69,77.5
7/14/2011,84,64,74
7/15/2011,87,66,76.5
7/16/2011,90,70,80
7/17/2011,91,72,81.5
7/18/2011,95,75,85
7/19/2011,94,75,84.5
7/20/2011,89,75,82
7/21/2011,97,75,86
7/22/2011,104,84,94
7/23/2011,100,83,91.5
7/24/2011,91,78,84.5
7/25/2011,80,68,74
7/26/2011,90,69,79.5
7/27/2011,84,68,76
7/28/2011,87,71,79
7/29/2011,84,71,77.5
7/30/2011,91,74,82.5
7/31/2011,91,71,81
8/1/2011,94,71,82.5
8/2/2011,91,73,82
8/3/2011,88,67,77.5
8/4/2011,84,67,75.5
8/5/2011,86,70,78
8/6/2011,85,72,78.5
8/7/2011,89,73,81
8/8/2011,90,74,82
8/9/2011,83,71,77
8/10/2011,86,70,78
8/11/2011,82,69,75.5
8/12/2011,84,64,74
8/13/2011,85,69,77
8/14/2011,72,67,69.5
8/15/2011,77,68,72.5
8/16/2011,78,65,71.5
8/17/2011,86,66,76
8/18/2011,83,67,75
8/19/2011,84,65,74.5
8/20/2011,85,64,74.5
8/21/2011,84,70,77
8/22/2011,77,65,71
8/23/2011,79,61,70
8/24/2011,80,67,73.5
8/25/2011,78,72,75
8/26/2011,83,71,77
8/27/2011,78,71,74.5
8/28/2011,75,65,70
8/29/2011,77,59,68
8/30/2011,82,61,71.5
8/31/2011,85,63,74
9/1/2011,83,66,74.5
9/2/2011,78,65,71.5
9/3/2011,83,66,74.5
9/4/2011,86,72,79
9/5/2011,81,72,76.5
9/6/2011,75,60,67.5
9/7/2011,68,62,65
9/8/2011,79,63,71
9/9/2011,84,67,75.5
9/10/2011,80,68,74
9/11/2011,71,64,67.5
9/12/2011,80,66,73
9/13/2011,82,67,74.5
9/14/2011,85,70,77.5
9/15/2011,76,53,64.5
9/16/2011,65,51,58
9/17/2011,65,53,59
9/18/2011,68,53,60.5
9/19/2011,68,52,60
9/20/2011,68,61,64.5
9/21/2011,73,63,68
9/22/2011,80,68,74
9/23/2011,73,69,71
9/24/2011,76,70,73
9/25/2011,80,70,75
9/26/2011,80,68,74
9/27/2011,77,69,73
9/28/2011,74,68,71
9/29/2011,73,61,67
9/30/2011,76,58,67
10/1/2011,67,50,58.5
10/2/2011,64,50,57
10/3/2011,58,48,53
10/4/2011,63,49,56
10/5/2011,71,53,62
10/6/2011,67,47,57
10/7/2011,66,48,57
10/8/2011,77,54,65.5
10/9/2011,84,60,72
10/10/2011,81,61,71
10/11/2011,73,62,67.5
10/12/2011,63,58,60.5
10/13/2011,66,58,62
10/14/2011,70,57,63.5
10/15/2011,65,54,59.5
10/16/2011,66,54,60
10/17/2011,65,57,61
10/18/2011,68,54,61
10/19/2011,62,60,61
10/20/2011,67,54,60.5
10/21/2011,56,50,53
10/22/2011,60,47,53.5
10/23/2011,59,50,54.5
10/24/2011,61,50,55.5
10/25/2011,62,50,56
10/26/2011,62,51,56.5
10/27/2011,61,38,49.5
10/28/2011,49,36,42.5
10/29/2011,45,33,39
10/30/2011,46,33,39.5
10/31/2011,53,37,45
11/1/2011,55,45,50
11/2/2011,57,42,49.5
11/3/2011,59,46,52.5
11/4/2011,53,41,47
11/5/2011,49,36,42.5
11/6/2011,54,38,46
11/7/2011,62,45,53.5
11/8/2011,68,53,60.5
11/9/2011,65,51,58
11/10/2011,67,47,57
11/11/2011,48,41,44.5
11/12/2011,57,39,48
11/13/2011,61,47,54
11/14/2011,69,54,61.5
11/15/2011,65,58,61.5
11/16/2011,59,53,56
11/17/2011,53,40,46.5
11/18/2011,46,36,41
11/19/2011,51,38,44.5
11/20/2011,65,49,57
11/21/2011,59,46,52.5
11/22/2011,50,43,46.5
11/23/2011,53,39,46
11/24/2011,54,37,45.5
11/25/2011,61,46,53.5
11/26/2011,65,50,57.5
11/27/2011,63,47,55
11/28/2011,70,56,63
11/29/2011,66,51,58.5
11/30/2011,52,43,47.5
12/1/2011,50,37,43.5
12/2/2011,52,39,45.5
12/3/2011,47,37,42
12/4/2011,55,42,48.5
12/5/2011,59,47,53
12/6/2011,62,56,59
12/7/2011,62,42,52
12/8/2011,45,36,40.5
12/9/2011,52,36,44
12/10/2011,46,32,39
12/11/2011,39,29,34
12/12/2011,44,33,38.5
12/13/2011,47,32,39.5
12/14/2011,50,36,43
12/15/2011,59,47,53
12/16/2011,59,41,50
12/17/2011,42,31,36.5
12/18/2011,31,22,26.5
12/19/2011,47,28,37.5
12/20/2011,48,41,44.5
12/21/2011,62,42,52
12/22/2011,58,48,53
12/23/2011,49,35,42
12/24/2011,36,29,32.5
12/25/2011,46,31,38.5
12/26/2011,45,38,41.5
12/27/2011,57,38,47.5
12/28/2011,50,31,40.5
12/29/2011,38,24,31
12/30/2011,51,37,44
12/31/2011,54,46,50
1/1/2012,52,41,46.5
1/2/2012,50,33,41.5
1/3/2012,33,15,24
1/4/2012,27,13,20
1/5/2012,40,27,33.5
1/6/2012,53,35,44
1/7/2012,62,46,54
1/8/2012,46,33,39.5
1/9/2012,41,31,36
1/10/2012,47,33,40
1/11/2012,48,37,42.5
1/12/2012,45,41,43
1/13/2012,50,28,39
1/14/2012,32,27,29.5
1/15/2012,27,15,21
1/16/2012,37,15,26
1/17/2012,53,36,44.5
1/18/2012,54,24,39
1/19/2012,37,20,28.5
1/20/2012,36,24,30
1/21/2012,29,22,25.5
1/22/2012,34,18,26
1/23/2012,53,34,43.5
1/24/2012,53,42,47.5
1/25/2012,44,36,40
1/26/2012,40,33,36.5
1/27/2012,59,40,49.5
1/28/2012,46,38,42
1/29/2012,44,34,39
1/30/2012,40,34,37
1/31/2012,59,38,48.5
2/1/2012,62,48,55
2/2/2012,50,35,42.5
2/3/2012,44,30,37
2/4/2012,46,35,40.5
2/5/2012,40,32,36
2/6/2012,51,33,42
2/7/2012,49,38,43.5
2/8/2012,38,31,34.5
2/9/2012,46,31,38.5
2/10/2012,45,34,39.5
2/11/2012,38,32,35
2/12/2012,32,20,26
2/13/2012,44,28,36
2/14/2012,47,36,41.5
2/15/2012,46,39,42.5
2/16/2012,44,36,40
2/17/2012,50,41,45.5
2/18/2012,48,35,41.5
2/19/2012,44,35,39.5
2/20/2012,46,31,38.5
2/21/2012,46,32,39
2/22/2012,57,43,50
2/23/2012,58,46,52
2/24/2012,46,36,41
2/25/2012,45,33,39
2/26/2012,45,29,37
2/27/2012,59,36,47.5
2/28/2012,50,40,45
2/29/2012,42,38,40
3/1/2012,41,37,39
3/2/2012,42,33,37.5
3/3/2012,56,42,49
3/4/2012,45,36,40.5
3/5/2012,44,28,36
3/6/2012,44,25,34.5
3/7/2012,62,37,49.5
3/8/2012,71,53,62
3/9/2012,64,37,50.5
3/10/2012,43,29,36
3/11/2012,61,36,48.5
3/12/2012,71,47,59
3/13/2012,74,54,64
3/14/2012,70,50,60
3/15/2012,52,43,47.5
3/16/2012,51,43,47
3/17/2012,62,45,53.5
3/18/2012,64,46,55
3/19/2012,74,55,64.5
3/20/2012,73,55,64
3/21/2012,67,57,62
3/22/2012,78,56,67
3/23/2012,76,58,67
3/24/2012,65,47,56
3/25/2012,52,45,48.5
3/26/2012,54,34,44
3/27/2012,51,30,40.5
3/28/2012,67,44,55.5
3/29/2012,61,43,52
3/30/2012,57,40,48.5
3/31/2012,43,38,40.5
4/1/2012,52,42,47
4/2/2012,57,40,48.5
4/3/2012,64,40,52
4/4/2012,68,47,57.5
4/5/2012,58,42,50
4/6/2012,59,38,48.5
4/7/2012,61,40,50.5
4/8/2012,67,44,55.5
4/9/2012,64,49,56.5
4/10/2012,60,45,52.5
4/11/2012,53,43,48
4/12/2012,61,43,52
4/13/2012,65,43,54
4/14/2012,72,50,61
4/15/2012,77,58,67.5
4/16/2012,88,65,76.5
4/17/2012,78,61,69.5
4/18/2012,62,49,55.5
4/19/2012,70,47,58.5
4/20/2012,71,54,62.5
4/21/2012,71,54,62.5
4/22/2012,54,46,50
4/23/2012,54,42,48
4/24/2012,59,41,50
4/25/2012,62,43,52.5
4/26/2012,61,45,53
4/27/2012,56,41,48.5
4/28/2012,60,38,49
4/29/2012,63,44,53.5
4/30/2012,62,43,52.5
5/1/2012,68,51,59.5
5/2/2012,53,50,51.5
5/3/2012,58,50,54
5/4/2012,73,54,63.5
5/5/2012,63,56,59.5
5/6/2012,65,53,59
5/7/2012,65,52,58.5
5/8/2012,66,55,60.5
5/9/2012,69,57,63
5/10/2012,64,52,58
5/11/2012,68,49,58.5
5/12/2012,78,53,65.5
5/13/2012,81,63,72
5/14/2012,70,63,66.5
5/15/2012,65,61,63
5/16/2012,78,61,69.5
5/17/2012,72,53,62.5
5/18/2012,72,54,63
5/19/2012,80,53,66.5
5/20/2012,78,57,67.5
5/21/2012,62,57,59.5
5/22/2012,70,60,65
5/23/2012,75,64,69.5
5/24/2012,66,62,64
5/25/2012,75,60,67.5
5/26/2012,84,67,75.5
5/27/2012,81,64,72.5
5/28/2012,89,71,80
5/29/2012,89,68,78.5
5/30/2012,76,68,72
5/31/2012,79,66,72.5
6/1/2012,74,62,68
6/2/2012,75,61,68
6/3/2012,76,58,67
6/4/2012,63,54,58.5
6/5/2012,64,51,57.5
6/6/2012,72,54,63
6/7/2012,78,58,68
6/8/2012,81,60,70.5
6/9/2012,78,64,71
6/10/2012,84,66,75
6/11/2012,77,64,70.5
6/12/2012,72,65,68.5
6/13/2012,69,64,66.5
6/14/2012,77,62,69.5
6/15/2012,80,60,70
6/16/2012,80,60,70
6/17/2012,73,58,65.5
6/18/2012,72,57,64.5
6/19/2012,77,63,70
6/20/2012,94,70,82
6/21/2012,94,79,86.5
6/22/2012,90,70,80
6/23/2012,84,69,76.5
6/24/2012,84,66,75
6/25/2012,74,62,68
6/26/2012,72,58,65
6/27/2012,81,62,71.5
6/28/2012,88,68,78
6/29/2012,93,68,80.5
6/30/2012,93,77,85
7/1/2012,94,74,84
7/2/2012,88,72,80
7/3/2012,89,71,80
7/4/2012,92,70,81
7/5/2012,95,77,86
7/6/2012,93,72,82.5
7/7/2012,97,72,84.5
7/8/2012,92,72,82
7/9/2012,86,73,79.5
7/10/2012,87,69,78
7/11/2012,85,71,78
7/12/2012,89,70,79.5
7/13/2012,89,74,81.5
7/14/2012,85,73,79
7/15/2012,89,71,80
7/16/2012,91,70,80.5
7/17/2012,96,74,85
7/18/2012,100,73,86.5
7/19/2012,76,68,72
7/20/2012,72,61,66.5
7/21/2012,78,61,69.5
7/22/2012,83,65,74
7/23/2012,86,71,78.5
7/24/2012,91,74,82.5
7/25/2012,85,67,76
7/26/2012,88,68,78
7/27/2012,87,71,79
7/28/2012,81,68,74.5
7/29/2012,80,68,74
7/30/2012,81,68,74.5
7/31/2012,80,70,75
8/1/2012,78,70,74
8/2/2012,87,70,78.5
8/3/2012,89,75,82
8/4/2012,90,75,82.5
8/5/2012,91,73,82
8/6/2012,86,72,79
8/7/2012,83,68,75.5
8/8/2012,86,73,79.5
8/9/2012,88,73,80.5
8/10/2012,80,70,75
8/11/2012,87,75,81
8/12/2012,87,73,80
8/13/2012,86,69,77.5
8/14/2012,79,72,75.5
8/15/2012,82,67,74.5
8/16/2012,85,66,75.5
8/17/2012,88,65,76.5
8/18/2012,79,63,71
8/19/2012,74,62,68
8/20/2012,78,65,71.5
8/21/2012,82,66,74
8/22/2012,82,68,75
8/23/2012,85,69,77
8/24/2012,87,69,78
8/25/2012,86,70,78
8/26/2012,84,68,76
8/27/2012,81,70,75.5
8/28/2012,87,73,80
8/29/2012,79,67,73
8/30/2012,82,61,71.5
8/31/2012,91,69,80
9/1/2012,91,74,82.5
9/2/2012,82,71,76.5
9/3/2012,79,71,75
9/4/2012,80,70,75
9/5/2012,80,71,75.5
9/6/2012,80,69,74.5
9/7/2012,87,71,79
9/8/2012,81,63,72
9/9/2012,78,63,70.5
9/10/2012,72,58,65
9/11/2012,73,54,63.5
9/12/2012,80,59,69.5
9/13/2012,81,63,72
9/14/2012,80,64,72
9/15/2012,73,60,66.5
9/16/2012,75,56,65.5
9/17/2012,78,57,67.5
9/18/2012,75,67,71
9/19/2012,70,57,63.5
9/20/2012,69,54,61.5
9/21/2012,75,60,67.5
9/22/2012,76,60,68
9/23/2012,68,55,61.5
9/24/2012,67,53,60
9/25/2012,72,54,63
9/26/2012,77,63,70
9/27/2012,75,63,69
9/28/2012,69,60,64.5
9/29/2012,65,57,61
9/30/2012,68,55,61.5
10/1/2012,70,52,61
10/2/2012,69,62,65.5
10/3/2012,73,63,68
10/4/2012,74,66,70
10/5/2012,78,61,69.5
10/6/2012,77,54,65.5
10/7/2012,54,46,50
10/8/2012,55,44,49.5
10/9/2012,58,50,54
10/10/2012,66,53,59.5
10/11/2012,59,47,53
10/12/2012,56,42,49
10/13/2012,53,38,45.5
10/14/2012,70,53,61.5
10/15/2012,71,59,65
10/16/2012,59,48,53.5
10/17/2012,61,44,52.5
10/18/2012,65,50,57.5
10/19/2012,66,61,63.5
10/20/2012,69,54,61.5
10/21/2012,65,49,57
10/22/2012,66,49,57.5
10/23/2012,65,54,59.5
10/24/2012,59,56,57.5
10/25/2012,62,55,58.5
10/26/2012,65,57,61
10/27/2012,65,59,62
10/28/2012,59,55,57
10/29/2012,62,52,57
10/30/2012,54,47,50.5
10/31/2012,50,44,47
11/1/2012,51,43,47
11/2/2012,53,42,47.5
11/3/2012,51,40,45.5
11/4/2012,51,39,45
11/5/2012,45,35,40
11/6/2012,42,31,36.5
11/7/2012,41,31,36
11/8/2012,48,32,40
11/9/2012,53,36,44.5
11/10/2012,55,42,48.5
11/11/2012,64,50,57
11/12/2012,66,48,57
11/13/2012,62,40,51
11/14/2012,47,37,42
11/15/2012,45,35,40
11/16/2012,46,38,42
11/17/2012,51,39,45
11/18/2012,49,38,43.5
11/19/2012,47,37,42
11/20/2012,51,40,45.5
11/21/2012,53,40,46.5
11/22/2012,54,41,47.5
11/23/2012,56,43,49.5
11/24/2012,50,35,42.5
11/25/2012,40,33,36.5
11/26/2012,48,36,42
11/27/2012,42,34,38
11/28/2012,41,34,37.5
11/29/2012,43,34,38.5
11/30/2012,46,38,42
12/1/2012,41,36,38.5
12/2/2012,52,41,46.5
12/3/2012,60,49,54.5
12/4/2012,62,47,54.5
12/5/2012,58,35,46.5
12/6/2012,40,29,34.5
12/7/2012,46,35,40.5
12/8/2012,50,44,47
12/9/2012,50,42,46
12/10/2012,59,44,51.5
12/11/2012,58,41,49.5
12/12/2012,43,36,39.5
12/13/2012,46,36,41
12/14/2012,48,37,42.5
12/15/2012,47,38,42.5
12/16/2012,47,42,44.5
12/17/2012,43,40,41.5
12/18/2012,54,43,48.5
12/19/2012,47,39,43
12/20/2012,47,35,41
12/21/2012,56,36,46
12/22/2012,38,36,37
12/23/2012,42,35,38.5
12/24/2012,40,33,36.5
12/25/2012,41,32,36.5
12/26/2012,39,28,33.5
12/27/2012,39,30,34.5
12/28/2012,37,30,33.5
12/29/2012,34,30,32
12/30/2012,34,28,31
12/31/2012,38,28,33
1/1/2013,40,26,33
1/2/2013,33,22,27.5
1/3/2013,32,24,28
1/4/2013,37,30,33.5
1/5/2013,42,32,37
1/6/2013,46,34,40
1/7/2013,45,37,41
1/8/2013,48,35,41.5
1/9/2013,49,39,44
1/10/2013,47,40,43.5
1/11/2013,46,37,41.5
1/12/2013,47,42,44.5
1/13/2013,50,43,46.5
1/14/2013,56,38,47
1/15/2013,38,35,36.5
1/16/2013,37,32,34.5
1/17/2013,43,35,39
1/18/2013,35,25,30
1/19/2013,51,30,40.5
1/20/2013,53,30,41.5
1/21/2013,32,26,29
1/22/2013,27,13,20
1/23/2013,20,11,15.5
1/24/2013,22,12,17
1/25/2013,24,13,18.5
1/26/2013,27,15,21
1/27/2013,34,19,26.5
1/28/2013,36,29,32.5
1/29/2013,49,36,42.5
1/30/2013,59,39,49
1/31/2013,61,30,45.5
2/1/2013,31,24,27.5
2/2/2013,29,19,24
2/3/2013,30,24,27
2/4/2013,30,23,26.5
2/5/2013,32,28,30
2/6/2013,39,29,34
2/7/2013,32,26,29
2/8/2013,34,27,30.5
2/9/2013,32,21,26.5
2/10/2013,36,18,27
2/11/2013,45,34,39.5
2/12/2013,44,36,40
2/13/2013,44,33,38.5
2/14/2013,46,33,39.5
2/15/2013,55,37,46
2/16/2013,41,31,36
2/17/2013,32,18,25
2/18/2013,35,17,26
2/19/2013,49,33,41
2/20/2013,38,25,31.5
2/21/2013,34,24,29
2/22/2013,38,25,31.5
2/23/2013,42,36,39
2/24/2013,47,34,40.5
2/25/2013,45,32,38.5
2/26/2013,44,35,39.5
2/27/2013,47,36,41.5
2/28/2013,51,39,45
3/1/2013,45,36,40.5
3/2/2013,40,31,35.5
3/3/2013,40,29,34.5
3/4/2013,42,27,34.5
3/5/2013,49,31,40
3/6/2013,42,38,40
3/7/2013,38,33,35.5
3/8/2013,42,31,36.5
3/9/2013,55,35,45
3/10/2013,50,36,43
3/11/2013,54,40,47
3/12/2013,57,43,50
3/13/2013,52,38,45
3/14/2013,41,29,35
3/15/2013,47,30,38.5
3/16/2013,41,32,36.5
3/17/2013,38,29,33.5
3/18/2013,35,28,31.5
3/19/2013,43,33,38
3/20/2013,45,32,38.5
3/21/2013,40,30,35
3/22/2013,41,28,34.5
3/23/2013,46,32,39
3/24/2013,47,33,40
3/25/2013,40,36,38
3/26/2013,53,37,45
3/27/2013,53,36,44.5
3/28/2013,51,37,44
3/29/2013,55,40,47.5
3/30/2013,59,40,49.5
3/31/2013,54,44,49
4/1/2013,62,37,49.5
4/2/2013,43,33,38
4/3/2013,46,33,39.5
4/4/2013,53,33,43
4/5/2013,64,41,52.5
4/6/2013,52,35,43.5
4/7/2013,55,40,47.5
4/8/2013,73,51,62
4/9/2013,82,51,66.5
4/10/2013,74,55,64.5
4/11/2013,60,47,53.5
4/12/2013,47,41,44
4/13/2013,58,41,49.5
4/14/2013,57,46,51.5
4/15/2013,59,44,51.5
4/16/2013,63,47,55
4/17/2013,71,55,63
4/18/2013,59,51,55
4/19/2013,71,55,63
4/20/2013,60,43,51.5
4/21/2013,55,37,46
4/22/2013,55,41,48
4/23/2013,53,41,47
4/24/2013,69,44,56.5
4/25/2013,66,46,56
4/26/2013,67,50,58.5
4/27/2013,71,48,59.5
4/28/2013,69,51,60
4/29/2013,57,52,54.5
4/30/2013,68,51,59.5
5/1/2013,69,47,58
5/2/2013,72,49,60.5
5/3/2013,66,49,57.5
5/4/2013,69,48,58.5
5/5/2013,64,46,55
5/6/2013,69,46,57.5
5/7/2013,74,52,63
5/8/2013,63,55,59
5/9/2013,68,54,61
5/10/2013,79,59,69
5/11/2013,70,61,65.5
5/12/2013,70,51,60.5
5/13/2013,58,45,51.5
5/14/2013,61,42,51.5
5/15/2013,69,52,60.5
5/16/2013,79,62,70.5
5/17/2013,72,58,65
5/18/2013,65,56,60.5
5/19/2013,59,55,57
5/20/2013,79,58,68.5
5/21/2013,86,68,77
5/22/2013,78,59,68.5
5/23/2013,80,64,72
5/24/2013,65,45,55
5/25/2013,54,45,49.5
5/26/2013,66,48,57
5/27/2013,73,51,62
5/28/2013,68,56,62
5/29/2013,82,58,70
5/30/2013,90,72,81
5/31/2013,90,75,82.5
6/1/2013,90,73,81.5
6/2/2013,88,69,78.5
6/3/2013,78,66,72
6/4/2013,75,57,66
6/5/2013,74,58,66
6/6/2013,70,59,64.5
6/7/2013,63,59,61
6/8/2013,77,57,67
6/9/2013,80,63,71.5
6/10/2013,70,62,66
6/11/2013,80,64,72
6/12/2013,76,65,70.5
6/13/2013,69,55,62
6/14/2013,72,53,62.5
6/15/2013,80,61,70.5
6/16/2013,80,65,72.5
6/17/2013,84,69,76.5
6/18/2013,84,64,74
6/19/2013,77,59,68
6/20/2013,80,62,71
6/21/2013,82,64,73
6/22/2013,84,65,74.5
6/23/2013,88,70,79
6/24/2013,92,74,83
6/25/2013,91,73,82
6/26/2013,85,74,79.5
6/27/2013,86,73,79.5
6/28/2013,85,73,79
6/29/2013,83,71,77
6/30/2013,86,73,79.5
7/1/2013,77,72,74.5
7/2/2013,82,72,77
7/3/2013,83,73,78
7/4/2013,87,75,81
7/5/2013,90,76,83
7/6/2013,92,78,85
7/7/2013,92,78,85
7/8/2013,89,73,81
7/9/2013,88,74,81
7/10/2013,85,75,80
7/11/2013,84,76,80
7/12/2013,77,68,72.5
7/13/2013,81,67,74
7/14/2013,90,74,82
7/15/2013,94,78,86
7/16/2013,94,77,85.5
7/17/2013,97,79,88
7/18/2013,98,81,89.5
7/19/2013,96,83,89.5
7/20/2013,93,81,87
7/21/2013,89,76,82.5
7/22/2013,86,75,80.5
7/23/2013,87,73,80
7/24/2013,83,68,75.5
7/25/2013,68,64,66
7/26/2013,83,65,74
7/27/2013,82,70,76
7/28/2013,78,70,74
7/29/2013,85,69,77
7/30/2013,83,67,75
7/31/2013,83,67,75
8/1/2013,76,66,71
8/2/2013,83,67,75
8/3/2013,78,68,73
8/4/2013,80,66,73
8/5/2013,78,62,70
8/6/2013,82,64,73
8/7/2013,80,70,75
8/8/2013,81,70,75.5
8/9/2013,85,74,79.5
8/10/2013,83,70,76.5
8/11/2013,81,65,73
8/12/2013,82,70,76
8/13/2013,77,68,72.5
8/14/2013,74,61,67.5
8/15/2013,78,59,68.5
8/16/2013,82,64,73
8/17/2013,84,64,74
8/18/2013,76,68,72
8/19/2013,79,66,72.5
8/20/2013,88,68,78
8/21/2013,90,72,81
8/22/2013,78,71,74.5
8/23/2013,82,71,76.5
8/24/2013,80,65,72.5
8/25/2013,83,64,73.5
8/26/2013,84,68,76
8/27/2013,87,71,79
8/28/2013,86,71,78.5
8/29/2013,80,71,75.5
8/30/2013,85,70,77.5
8/31/2013,86,73,79.5
9/1/2013,84,75,79.5
9/2/2013,82,74,78
9/3/2013,82,68,75
9/4/2013,82,65,73.5
9/5/2013,80,64,72
9/6/2013,72,57,64.5
9/7/2013,80,59,69.5
9/8/2013,83,64,73.5
9/9/2013,73,57,65
9/10/2013,87,68,77.5
9/11/2013,96,77,86.5
9/12/2013,87,70,78.5
9/13/2013,77,59,68
9/14/2013,67,54,60.5
9/15/2013,73,51,62
9/16/2013,73,56,64.5
9/17/2013,65,50,57.5
9/18/2013,72,51,61.5
9/19/2013,78,55,66.5
9/20/2013,79,60,69.5
9/21/2013,77,61,69
9/22/2013,69,54,61.5
9/23/2013,66,50,58
9/24/2013,73,47,60
9/25/2013,73,52,62.5
9/26/2013,71,58,64.5
9/27/2013,69,57,63
9/28/2013,73,56,64.5
9/29/2013,72,57,64.5
9/30/2013,75,56,65.5
10/1/2013,82,59,70.5
10/2/2013,83,64,73.5
10/3/2013,78,63,70.5
10/4/2013,86,66,76
10/5/2013,76,64,70
10/6/2013,70,65,67.5
10/7/2013,76,60,68
10/8/2013,67,54,60.5
10/9/2013,62,53,57.5
10/10/2013,65,54,59.5
10/11/2013,68,60,64
10/12/2013,72,60,66
10/13/2013,65,56,60.5
10/14/2013,66,52,59
10/15/2013,72,53,62.5
10/16/2013,67,56,61.5
10/17/2013,73,61,67
10/18/2013,68,55,61.5
10/19/2013,64,52,58
10/20/2013,63,50,56.5
10/21/2013,66,50,58
10/22/2013,67,51,59
10/23/2013,55,45,50
10/24/2013,54,41,47.5
10/25/2013,53,40,46.5
10/26/2013,55,41,48
10/27/2013,58,46,52
10/28/2013,61,43,52
10/29/2013,56,44,50
10/30/2013,60,47,53.5
10/31/2013,66,53,59.5
11/1/2013,70,59,64.5
11/2/2013,68,55,61.5
11/3/2013,55,37,46
11/4/2013,46,35,40.5
11/5/2013,55,41,48
11/6/2013,61,49,55
11/7/2013,64,44,54
11/8/2013,50,40,45
11/9/2013,50,38,44
11/10/2013,61,44,52.5
11/11/2013,53,43,48
11/12/2013,52,31,41.5
11/13/2013,39,29,34
11/14/2013,52,33,42.5
11/15/2013,57,44,50.5
11/16/2013,60,45,52.5
11/17/2013,60,51,55.5
11/18/2013,65,51,58
11/19/2013,51,36,43.5
11/20/2013,44,32,38
11/21/2013,52,35,43.5
11/22/2013,57,51,54
11/23/2013,54,31,42.5
11/24/2013,30,23,26.5
11/25/2013,35,23,29
11/26/2013,47,33,40
11/27/2013,62,35,48.5
11/28/2013,35,30,32.5
11/29/2013,39,29,34
11/30/2013,39,25,32
12/1/2013,49,36,42.5
12/2/2013,49,41,45
12/3/2013,53,38,45.5
12/4/2013,52,41,46.5
12/5/2013,60,48,54
12/6/2013,62,37,49.5
12/7/2013,41,32,36.5
12/8/2013,33,29,31
12/9/2013,39,31,35
12/10/2013,37,30,33.5
12/11/2013,33,27,30
12/12/2013,30,23,26.5
12/13/2013,35,23,29
12/14/2013,34,22,28
12/15/2013,40,30,35
12/16/2013,33,25,29
12/17/2013,32,24,28
12/18/2013,37,23,30
12/19/2013,47,30,38.5
12/20/2013,53,41,47
12/21/2013,65,51,58
12/22/2013,71,61,66
12/23/2013,64,42,53
12/24/2013,42,26,34
12/25/2013,31,19,25
12/26/2013,36,30,33
12/27/2013,40,31,35.5
12/28/2013,55,36,45.5
12/29/2013,48,41,44.5
12/30/2013,45,23,34
12/31/2013,32,21,26.5
1/1/2014,33,24,28.5
1/2/2014,33,18,25.5
1/3/2014,18,9,13.5
1/4/2014,29,8,18.5
1/5/2014,40,27,33.5
1/6/2014,55,19,37
1/7/2014,19,4,11.5
1/8/2014,22,9,15.5
1/9/2014,32,22,27
1/10/2014,37,30,33.5
1/11/2014,58,37,47.5
1/12/2014,54,38,46
1/13/2014,51,37,44
1/14/2014,52,44,48
1/15/2014,47,39,43
1/16/2014,42,36,39
1/17/2014,44,33,38.5
1/18/2014,41,29,35
1/19/2014,38,24,31
1/20/2014,46,31,38.5
1/21/2014,31,11,21
1/22/2014,17,5,11
1/23/2014,20,7,13.5
1/24/2014,20,10,15
1/25/2014,28,19,23.5
1/26/2014,34,17,25.5
1/27/2014,44,21,32.5
1/28/2014,21,12,16.5
1/29/2014,23,14,18.5
1/30/2014,30,16,23
1/31/2014,39,25,32
2/1/2014,45,36,40.5
2/2/2014,56,39,47.5
2/3/2014,43,27,35
2/4/2014,35,22,28.5
2/5/2014,34,29,31.5
2/6/2014,32,21,26.5
2/7/2014,32,24,28
2/8/2014,29,21,25
2/9/2014,31,21,26
2/10/2014,29,21,25
2/11/2014,26,16,21
2/12/2014,25,13,19
2/13/2014,36,24,30
2/14/2014,40,31,35.5
2/15/2014,37,27,32
2/16/2014,30,21,25.5
2/17/2014,32,18,25
2/18/2014,39,26,32.5
2/19/2014,45,34,39.5
2/20/2014,51,37,44
2/21/2014,49,36,42.5
2/22/2014,54,40,47
2/23/2014,54,43,48.5
2/24/2014,44,27,35.5
2/25/2014,33,24,28.5
2/26/2014,31,20,25.5
2/27/2014,34,14,24
2/28/2014,24,9,16.5
3/1/2014,37,20,28.5
3/2/2014,40,32,36
3/3/2014,32,17,24.5
3/4/2014,29,13,21
3/5/2014,39,26,32.5
3/6/2014,31,16,23.5
3/7/2014,37,26,31.5
3/8/2014,57,35,46
3/9/2014,44,36,40
3/10/2014,51,36,43.5
3/11/2014,66,45,55.5
3/12/2014,56,32,44
3/13/2014,32,18,25
3/14/2014,46,22,34
3/15/2014,58,42,50
3/16/2014,42,30,36
3/17/2014,35,23,29
3/18/2014,43,28,35.5
3/19/2014,46,32,39
3/20/2014,54,40,47
3/21/2014,51,39,45
3/22/2014,63,41,52
3/23/2014,42,27,34.5
3/24/2014,35,21,28
3/25/2014,39,26,32.5
3/26/2014,36,24,30
3/27/2014,44,22,33
3/28/2014,62,37,49.5
3/29/2014,59,43,51
3/30/2014,49,39,44
3/31/2014,56,36,46
4/1/2014,60,39,49.5
4/2/2014,54,42,48
4/3/2014,67,46,56.5
4/4/2014,47,40,43.5
4/5/2014,54,40,47
4/6/2014,61,36,48.5
4/7/2014,53,43,48
4/8/2014,64,46,55
4/9/2014,61,45,53
4/10/2014,58,42,50
4/11/2014,75,56,65.5
4/12/2014,73,50,61.5
4/13/2014,77,54,65.5
4/14/2014,75,59,67
4/15/2014,63,33,48
4/16/2014,49,31,40
4/17/2014,48,36,42
4/18/2014,49,35,42
4/19/2014,68,41,54.5
4/20/2014,60,45,52.5
4/21/2014,67,41,54
4/22/2014,71,51,61
4/23/2014,61,44,52.5
4/24/2014,62,42,52
4/25/2014,63,44,53.5
4/26/2014,67,46,56.5
4/27/2014,59,47,53
4/28/2014,67,45,56
4/29/2014,52,43,47.5
4/30/2014,52,41,46.5
5/1/2014,78,51,64.5
5/2/2014,70,56,63
5/3/2014,71,54,62.5
5/4/2014,65,54,59.5
5/5/2014,70,50,60
5/6/2014,71,52,61.5
5/7/2014,69,50,59.5
5/8/2014,59,53,56
5/9/2014,63,55,59
5/10/2014,83,57,70
5/11/2014,82,60,71
5/12/2014,85,64,74.5
5/13/2014,73,53,63
5/14/2014,71,52,61.5
5/15/2014,71,58,64.5
5/16/2014,68,58,63
5/17/2014,70,53,61.5
5/18/2014,67,51,59
5/19/2014,72,49,60.5
5/20/2014,78,53,65.5
5/21/2014,74,63,68.5
5/22/2014,67,59,63
5/23/2014,71,56,63.5
5/24/2014,70,57,63.5
5/25/2014,80,55,67.5
5/26/2014,86,66,76
5/27/2014,86,64,75
5/28/2014,64,54,59
5/29/2014,66,51,58.5
5/30/2014,75,55,65
5/31/2014,73,57,65
6/1/2014,77,55,66
6/2/2014,80,59,69.5
6/3/2014,87,65,76
6/4/2014,82,63,72.5
6/5/2014,76,61,68.5
6/6/2014,76,61,68.5
6/7/2014,82,60,71
6/8/2014,86,66,76
6/9/2014,73,63,68
6/10/2014,77,65,71
6/11/2014,70,61,65.5
6/12/2014,73,60,66.5
6/13/2014,79,65,72
6/14/2014,74,60,67
6/15/2014,80,59,69.5
6/16/2014,81,63,72
6/17/2014,89,71,80
6/18/2014,89,76,82.5
6/19/2014,77,68,72.5
6/20/2014,79,64,71.5
6/21/2014,78,62,70
6/22/2014,79,64,71.5
6/23/2014,81,65,73
6/24/2014,81,68,74.5
6/25/2014,85,70,77.5
6/26/2014,85,70,77.5
6/27/2014,83,67,75
6/28/2014,87,66,76.5
6/29/2014,83,68,75.5
6/30/2014,84,69,76.5
7/1/2014,89,72,80.5
7/2/2014,91,72,81.5
7/3/2014,87,69,78
7/4/2014,74,65,69.5
7/5/2014,81,63,72
7/6/2014,84,66,75
7/7/2014,90,72,81
7/8/2014,91,71,81
7/9/2014,88,71,79.5
7/10/2014,83,72,77.5
7/11/2014,86,71,78.5
7/12/2014,85,71,78
7/13/2014,83,72,77.5
7/14/2014,84,72,78
7/15/2014,86,72,79
7/16/2014,81,68,74.5
7/17/2014,81,67,74
7/18/2014,81,64,72.5
7/19/2014,76,68,72
7/20/2014,80,66,73
7/21/2014,85,67,76
7/22/2014,86,71,78.5
7/23/2014,88,72,80
7/24/2014,80,70,75
7/25/2014,82,66,74
7/26/2014,81,69,75
7/27/2014,85,71,78
7/28/2014,82,68,75
7/29/2014,76,64,70
7/30/2014,80,63,71.5
7/31/2014,82,68,75
8/1/2014,84,71,77.5
8/2/2014,74,63,68.5
8/3/2014,76,66,71
8/4/2014,84,70,77
8/5/2014,90,71,80.5
8/6/2014,83,70,76.5
8/7/2014,83,66,74.5
8/8/2014,83,65,74
8/9/2014,87,66,76.5
8/10/2014,88,68,78
8/11/2014,87,71,79
8/12/2014,79,70,74.5
8/13/2014,82,68,75
8/14/2014,77,63,70
8/15/2014,73,61,67
8/16/2014,78,63,70.5
8/17/2014,82,66,74
8/18/2014,81,63,72
8/19/2014,83,63,73
8/20/2014,84,70,77
8/21/2014,83,65,74
8/22/2014,79,65,72
8/23/2014,77,67,72
8/24/2014,80,64,72
8/25/2014,88,64,76
8/26/2014,89,70,79.5
8/27/2014,90,70,80
8/28/2014,82,66,74
8/29/2014,80,61,70.5
8/30/2014,80,65,72.5
8/31/2014,90,73,81.5
9/1/2014,88,75,81.5
9/2/2014,92,77,84.5
9/3/2014,86,72,79
9/4/2014,87,69,78
9/5/2014,87,72,79.5
9/6/2014,91,67,79
9/7/2014,81,65,73
9/8/2014,75,65,70
9/9/2014,73,63,68
9/10/2014,80,63,71.5
9/11/2014,83,69,76
9/12/2014,78,62,70
9/13/2014,69,58,63.5
9/14/2014,71,53,62
9/15/2014,71,55,63
9/16/2014,70,58,64
9/17/2014,73,55,64
9/18/2014,76,57,66.5
9/19/2014,66,54,60
9/20/2014,75,57,66
9/21/2014,75,67,71
9/22/2014,71,55,63
9/23/2014,71,52,61.5
9/24/2014,71,58,64.5
9/25/2014,64,57,60.5
9/26/2014,77,58,67.5
9/27/2014,83,60,71.5
9/28/2014,84,64,74
9/29/2014,79,67,73
9/30/2014,71,62,66.5
10/1/2014,65,61,63
10/2/2014,70,61,65.5
10/3/2014,71,56,63.5
10/4/2014,69,52,60.5
10/5/2014,61,46,53.5
10/6/2014,69,50,59.5
10/7/2014,71,63,67
10/8/2014,73,62,67.5
10/9/2014,68,55,61.5
10/10/2014,64,52,58
10/11/2014,60,50,55
10/12/2014,63,48,55.5
10/13/2014,65,52,58.5
10/14/2014,76,63,69.5
10/15/2014,77,69,73
10/16/2014,71,61,66
10/17/2014,71,59,65
10/18/2014,70,56,63
10/19/2014,56,44,50
10/20/2014,60,42,51
10/21/2014,67,55,61
10/22/2014,58,50,54
10/23/2014,53,50,51.5
10/24/2014,63,51,57
10/25/2014,67,50,58.5
10/26/2014,63,53,58
10/27/2014,63,48,55.5
10/28/2014,72,53,62.5
10/29/2014,72,51,61.5
10/30/2014,59,47,53
10/31/2014,55,45,50
11/1/2014,47,42,44.5
11/2/2014,48,41,44.5
11/3/2014,61,39,50
11/4/2014,68,53,60.5
11/5/2014,64,56,60
11/6/2014,57,48,52.5
11/7/2014,53,40,46.5
11/8/2014,48,36,42
11/9/2014,57,46,51.5
11/10/2014,61,44,52.5
11/11/2014,64,49,56.5
11/12/2014,65,47,56
11/13/2014,48,36,42
11/14/2014,42,35,38.5
11/15/2014,42,33,37.5
11/16/2014,45,35,40
11/17/2014,52,40,46
11/18/2014,45,24,34.5
11/19/2014,36,22,29
11/20/2014,45,31,38
11/21/2014,37,28,32.5
11/22/2014,44,28,36
11/23/2014,57,43,50
11/24/2014,69,53,61
11/25/2014,68,51,59.5
11/26/2014,51,34,42.5
11/27/2014,38,34,36
11/28/2014,37,29,33
11/29/2014,45,27,36
11/30/2014,55,45,50
12/1/2014,65,42,53.5
12/2/2014,43,35,39
12/3/2014,46,41,43.5
12/4/2014,45,37,41
12/5/2014,44,34,39
12/6/2014,50,39,44.5
12/7/2014,42,30,36
12/8/2014,37,24,30.5
12/9/2014,42,36,39
12/10/2014,40,32,36
12/11/2014,38,31,34.5
12/12/2014,38,32,35
12/13/2014,44,34,39
12/14/2014,46,38,42
12/15/2014,48,37,42.5
12/16/2014,49,38,43.5
12/17/2014,54,42,48
12/18/2014,42,37,39.5
12/19/2014,38,31,34.5
12/20/2014,33,30,31.5
12/21/2014,36,31,33.5
12/22/2014,44,35,39.5
12/23/2014,46,43,44.5
12/24/2014,58,44,51
12/25/2014,62,44,53
12/26/2014,50,40,45
12/27/2014,55,44,49.5
12/28/2014,54,43,48.5
12/29/2014,44,34,39
12/30/2014,34,28,31
12/31/2014,32,27,29.5
1/1/2015,39,27,33
1/2/2015,42,35,38.5
1/3/2015,42,33,37.5
1/4/2015,56,41,48.5
1/5/2015,49,21,35
1/6/2015,22,19,20.5
1/7/2015,23,9,16
1/8/2015,21,8,14.5
1/9/2015,33,19,26
1/10/2015,23,16,19.5
1/11/2015,37,18,27.5
1/12/2015,39,35,37
1/13/2015,36,17,26.5
1/14/2015,32,16,24
1/15/2015,35,25,30
1/16/2015,43,20,31.5
1/17/2015,32,17,24.5
1/18/2015,42,31,36.5
1/19/2015,42,36,39
1/20/2015,40,32,36
1/21/2015,36,25,30.5
1/22/2015,40,31,35.5
1/23/2015,39,28,33.5
1/24/2015,39,33,36
1/25/2015,42,31,36.5
1/26/2015,31,22,26.5
1/27/2015,30,20,25
1/28/2015,34,16,25
1/29/2015,36,19,27.5
1/30/2015,38,19,28.5
1/31/2015,26,13,19.5
2/1/2015,36,20,28
2/2/2015,34,14,24
2/3/2015,26,13,19.5
2/4/2015,43,24,33.5
2/5/2015,42,14,28
2/6/2015,27,12,19.5
2/7/2015,40,25,32.5
2/8/2015,37,29,33
2/9/2015,29,25,27
2/10/2015,40,26,33
2/11/2015,34,22,28
2/12/2015,40,16,28
2/13/2015,21,8,14.5
2/14/2015,32,16,24
2/15/2015,25,4,14.5
2/16/2015,21,3,12
2/17/2015,27,14,20.5
2/18/2015,33,19,26
2/19/2015,27,8,17.5
2/20/2015,19,2,10.5
2/21/2015,32,13,22.5
2/22/2015,43,32,37.5
2/23/2015,38,8,23
2/24/2015,24,4,14
2/25/2015,37,20,28.5
2/26/2015,32,21,26.5
2/27/2015,30,18,24
2/28/2015,29,13,21
3/1/2015,31,24,27.5
3/2/2015,39,27,33
3/3/2015,37,22,29.5
3/4/2015,45,35,40
3/5/2015,40,19,29.5
3/6/2015,27,12,19.5
3/7/2015,38,18,28
3/8/2015,49,37,43
3/9/2015,54,40,47
3/10/2015,53,39,46
3/11/2015,59,44,51.5
3/12/2015,47,36,41.5
3/13/2015,43,31,37
3/14/2015,51,40,45.5
3/15/2015,44,36,40
3/16/2015,52,35,43.5
3/17/2015,57,34,45.5
3/18/2015,39,29,34
3/19/2015,43,29,36
3/20/2015,38,29,33.5
3/21/2015,47,29,38
3/22/2015,43,28,35.5
3/23/2015,38,23,30.5
3/24/2015,45,26,35.5
3/25/2015,49,34,41.5
3/26/2015,62,42,52
3/27/2015,46,39,42.5
3/28/2015,40,26,33
3/29/2015,46,25,35.5
3/30/2015,54,36,45
3/31/2015,47,35,41
4/1/2015,51,32,41.5
4/2/2015,67,41,54
4/3/2015,64,59,61.5
4/4/2015,60,42,51
4/5/2015,61,42,51.5
4/6/2015,63,42,52.5
4/7/2015,62,42,52
4/8/2015,45,37,41
4/9/2015,43,37,40
4/10/2015,56,39,47.5
4/11/2015,57,44,50.5
4/12/2015,66,43,54.5
4/13/2015,68,50,59
4/14/2015,65,55,60
4/15/2015,72,51,61.5
4/16/2015,64,52,58
4/17/2015,71,55,63
4/18/2015,80,59,69.5
4/19/2015,64,48,56
4/20/2015,57,46,51.5
4/21/2015,65,52,58.5
4/22/2015,69,48,58.5
4/23/2015,52,41,46.5
4/24/2015,52,39,45.5
4/25/2015,62,38,50
4/26/2015,64,46,55
4/27/2015,62,49,55.5
4/28/2015,71,50,60.5
4/29/2015,78,50,64
4/30/2015,67,48,57.5
5/1/2015,63,49,56
5/2/2015,74,48,61
5/3/2015,80,51,65.5
5/4/2015,85,57,71
5/5/2015,85,66,75.5
5/6/2015,73,59,66
5/7/2015,80,56,68
5/8/2015,82,56,69
5/9/2015,70,57,63.5
5/10/2015,83,61,72
5/11/2015,84,70,77
5/12/2015,86,64,75
5/13/2015,70,53,61.5
5/14/2015,73,50,61.5
5/15/2015,75,55,65
5/16/2015,75,57,66
5/17/2015,83,64,73.5
5/18/2015,75,60,67.5
5/19/2015,80,59,69.5
5/20/2015,67,54,60.5
5/21/2015,62,52,57
5/22/2015,74,55,64.5
5/23/2015,70,49,59.5
5/24/2015,81,56,68.5
5/25/2015,85,64,74.5
5/26/2015,88,67,77.5
5/27/2015,85,70,77.5
5/28/2015,85,70,77.5
5/29/2015,85,65,75
5/30/2015,85,67,76
5/31/2015,87,57,72
6/1/2015,58,51,54.5
6/2/2015,55,50,52.5
6/3/2015,70,52,61
6/4/2015,65,54,59.5
6/5/2015,70,55,62.5
6/6/2015,76,60,68
6/7/2015,74,55,64.5
6/8/2015,79,63,71
6/9/2015,83,68,75.5
6/10/2015,82,65,73.5
6/11/2015,89,72,80.5
6/12/2015,88,73,80.5
6/13/2015,86,72,79
6/14/2015,88,66,77
6/15/2015,83,64,73.5
6/16/2015,79,65,72
6/17/2015,82,66,74
6/18/2015,71,64,67.5
6/19/2015,87,68,77.5
6/20/2015,75,64,69.5
6/21/2015,88,71,79.5
6/22/2015,87,70,78.5
6/23/2015,90,75,82.5
6/24/2015,84,68,76
6/25/2015,83,65,74
6/26/2015,81,69,75
6/27/2015,71,58,64.5
6/28/2015,73,62,67.5
6/29/2015,76,63,69.5
6/30/2015,82,68,75
7/1/2015,82,69,75.5
7/2/2015,80,69,74.5
7/3/2015,82,66,74
7/4/2015,75,69,72
7/5/2015,83,68,75.5
7/6/2015,83,72,77.5
7/7/2015,88,75,81.5
7/8/2015,88,77,82.5
7/9/2015,79,68,73.5
7/10/2015,84,72,78
7/11/2015,88,69,78.5
7/12/2015,89,72,80.5
7/13/2015,88,73,80.5
7/14/2015,82,73,77.5
7/15/2015,81,72,76.5
7/16/2015,80,64,72
7/17/2015,81,67,74
7/18/2015,85,71,78
7/19/2015,93,78,85.5
7/20/2015,94,82,88
7/21/2015,89,74,81.5
7/22/2015,85,69,77
7/23/2015,86,68,77
7/24/2015,87,70,78.5
7/25/2015,88,69,78.5
7/26/2015,90,74,82
7/27/2015,86,71,78.5
7/28/2015,95,75,85
7/29/2015,96,78,87
7/30/2015,87,76,81.5
7/31/2015,89,72,80.5
8/1/2015,89,75,82
8/2/2015,89,71,80
8/3/2015,90,75,82.5
8/4/2015,89,69,79
8/5/2015,87,72,79.5
8/6/2015,83,67,75
8/7/2015,84,69,76.5
8/8/2015,82,68,75
8/9/2015,85,68,76.5
8/10/2015,84,70,77
8/11/2015,81,71,76
8/12/2015,85,71,78
8/13/2015,83,67,75
8/14/2015,88,67,77.5
8/15/2015,92,73,82.5
8/16/2015,93,76,84.5
8/17/2015,95,78,86.5
8/18/2015,90,73,81.5
8/19/2015,87,77,82
8/20/2015,86,77,81.5
8/21/2015,87,71,79
8/22/2015,86,69,77.5
8/23/2015,85,70,77.5
8/24/2015,87,73,80
8/25/2015,90,73,81.5
8/26/2015,85,67,76
8/27/2015,82,67,74.5
8/28/2015,82,63,72.5
8/29/2015,87,67,77
8/30/2015,90,72,81
8/31/2015,91,76,83.5
9/1/2015,90,76,83
9/2/2015,91,74,82.5
9/3/2015,93,74,83.5
9/4/2015,85,72,78.5
9/5/2015,83,67,75
9/6/2015,87,65,76
9/7/2015,92,70,81
9/8/2015,97,76,86.5
9/9/2015,90,76,83
9/10/2015,79,70,74.5
9/11/2015,81,66,73.5
9/12/2015,79,69,74
9/13/2015,80,62,71
9/14/2015,77,59,68
9/15/2015,84,62,73
9/16/2015,88,66,77
9/17/2015,89,68,78.5
9/18/2015,87,68,77.5
9/19/2015,83,68,75.5
9/20/2015,79,64,71.5
9/21/2015,73,59,66
9/22/2015,71,62,66.5
9/23/2015,80,59,69.5
9/24/2015,82,60,71
9/25/2015,76,63,69.5
9/26/2015,72,61,66.5
9/27/2015,71,56,63.5
9/28/2015,78,65,71.5
9/29/2015,83,72,77.5
9/30/2015,79,59,69
10/1/2015,64,56,60
10/2/2015,57,48,52.5
10/3/2015,55,49,52
10/4/2015,63,53,58
10/5/2015,67,52,59.5
10/6/2015,73,52,62.5
10/7/2015,73,58,65.5
10/8/2015,72,59,65.5
10/9/2015,78,61,69.5
10/10/2015,65,50,57.5
10/11/2015,69,53,61
10/12/2015,77,56,66.5
10/13/2015,72,61,66.5
10/14/2015,69,57,63
10/15/2015,64,51,57.5
10/16/2015,64,53,58.5
10/17/2015,56,42,49
10/18/2015,50,38,44
10/19/2015,53,35,44
10/20/2015,70,48,59
10/21/2015,76,57,66.5
10/22/2015,75,58,66.5
10/23/2015,65,45,55
10/24/2015,57,40,48.5
10/25/2015,68,48,58
10/26/2015,58,46,52
10/27/2015,59,45,52
10/28/2015,69,53,61
10/29/2015,73,57,65
10/30/2015,61,48,54.5
10/31/2015,56,42,49
11/1/2015,65,54,59.5
11/2/2015,63,54,58.5
11/3/2015,72,48,60
11/4/2015,70,56,63
11/5/2015,71,56,63.5
11/6/2015,74,66,70
11/7/2015,72,53,62.5
11/8/2015,56,46,51
11/9/2015,59,43,51
11/10/2015,57,51,54
11/11/2015,58,49,53.5
11/12/2015,61,51,56
11/13/2015,58,46,52
11/14/2015,49,42,45.5
11/15/2015,58,39,48.5
11/16/2015,67,51,59
11/17/2015,52,40,46
11/18/2015,58,46,52
11/19/2015,64,57,60.5
11/20/2015,64,46,55
11/21/2015,53,42,47.5
11/22/2015,55,42,48.5
11/23/2015,44,33,38.5
11/24/2015,46,32,39
11/25/2015,50,36,43
11/26/2015,60,41,50.5
11/27/2015,64,51,57.5
11/28/2015,64,45,54.5
11/29/2015,49,38,43.5
11/30/2015,47,33,40
12/1/2015,51,44,47.5
12/2/2015,57,46,51.5
12/3/2015,55,44,49.5
12/4/2015,51,42,46.5
12/5/2015,51,40,45.5
12/6/2015,53,39,46
12/7/2015,54,42,48
12/8/2015,49,41,45
12/9/2015,55,40,47.5
12/10/2015,60,51,55.5
12/11/2015,61,50,55.5
12/12/2015,66,55,60.5
12/13/2015,67,55,61
12/14/2015,67,53,60
12/15/2015,68,53,60.5
12/16/2015,53,46,49.5
12/17/2015,59,50,54.5
12/18/2015,57,38,47.5
12/19/2015,40,35,37.5
12/20/2015,43,34,38.5
12/21/2015,56,39,47.5
12/22/2015,62,53,57.5
12/23/2015,64,52,58
12/24/2015,72,63,67.5
12/25/2015,66,57,61.5
12/26/2015,59,47,53
12/27/2015,61,46,53.5
12/28/2015,46,34,40
12/29/2015,46,34,40
12/30/2015,48,38,43
12/31/2015,48,42,45
1/1/2016,42,34,38
1/2/2016,40,32,36
1/3/2016,45,35,40
1/4/2016,36,14,25
1/5/2016,29,11,20
1/6/2016,41,25,33
1/7/2016,46,31,38.5
1/8/2016,46,31,38.5
1/9/2016,47,40,43.5
1/10/2016,59,40,49.5
1/11/2016,40,26,33
1/12/2016,44,25,34.5
1/13/2016,30,22,26
1/14/2016,38,22,30
1/15/2016,51,34,42.5
1/16/2016,52,42,47
1/17/2016,42,30,36
1/18/2016,31,18,24.5
1/19/2016,28,16,22
1/20/2016,37,27,32
1/21/2016,36,26,31
1/22/2016,30,21,25.5
1/23/2016,27,24,25.5
1/24/2016,35,20,27.5
1/25/2016,39,28,33.5
1/26/2016,48,38,43
1/27/2016,47,34,40.5
1/28/2016,42,32,37
1/29/2016,41,30,35.5
1/30/2016,39,28,33.5
1/31/2016,56,36,46
2/1/2016,59,44,51.5
2/2/2016,50,38,44
2/3/2016,59,42,50.5
2/4/2016,59,44,51.5
2/5/2016,44,31,37.5
2/6/2016,40,30,35
2/7/2016,47,33,40
2/8/2016,39,28,33.5
2/9/2016,36,27,31.5
2/10/2016,39,31,35
2/11/2016,31,18,24.5
2/12/2016,27,15,21
2/13/2016,22,6,14
2/14/2016,15,-1,7
2/15/2016,35,13,24
2/16/2016,54,35,44.5
2/17/2016,39,35,37
2/18/2016,36,27,31.5
2/19/2016,39,24,31.5
2/20/2016,61,39,50
2/21/2016,55,44,49.5
2/22/2016,52,38,45
2/23/2016,40,35,37.5
2/24/2016,60,36,48
2/25/2016,61,37,49
2/26/2016,39,27,33
2/27/2016,41,26,33.5
2/28/2016,60,38,49
2/29/2016,61,47,54
3/1/2016,52,39,45.5
3/2/2016,55,29,42
3/3/2016,36,26,31
3/4/2016,39,30,34.5
3/5/2016,41,28,34.5
3/6/2016,44,32,38
3/7/2016,60,36,48
3/8/2016,67,47,57
3/9/2016,77,44,60.5
3/10/2016,79,63,71
3/11/2016,68,48,58
3/12/2016,59,40,49.5
3/13/2016,62,50,56
3/14/2016,51,40,45.5
3/15/2016,57,44,50.5
3/16/2016,65,48,56.5
3/17/2016,63,45,54
3/18/2016,57,42,49.5
3/19/2016,46,36,41
3/20/2016,43,32,37.5
3/21/2016,50,32,41
3/22/2016,56,35,45.5
3/23/2016,71,48,59.5
3/24/2016,55,44,49.5
3/25/2016,72,44,58
3/26/2016,55,38,46.5
3/27/2016,55,43,49
3/28/2016,62,42,52
3/29/2016,53,40,46.5
3/30/2016,56,37,46.5
3/31/2016,73,49,61
4/1/2016,79,61,70
4/2/2016,61,49,55
4/3/2016,50,34,42
4/4/2016,45,29,37
4/5/2016,43,26,34.5
4/6/2016,48,30,39
4/7/2016,58,48,53
4/8/2016,50,40,45
4/9/2016,43,36,39.5
4/10/2016,50,31,40.5
4/11/2016,65,43,54
4/12/2016,59,45,52
4/13/2016,58,40,49
4/14/2016,62,43,52.5
4/15/2016,65,42,53.5
4/16/2016,68,43,55.5
4/17/2016,75,44,59.5
4/18/2016,82,51,66.5
4/19/2016,73,55,64
4/20/2016,69,49,59
4/21/2016,73,49,61
4/22/2016,79,62,70.5
4/23/2016,71,54,62.5
4/24/2016,68,47,57.5
4/25/2016,69,50,59.5
4/26/2016,60,47,53.5
4/27/2016,62,46,54
4/28/2016,59,48,53.5
4/29/2016,58,45,51.5
4/30/2016,65,46,55.5
5/1/2016,51,45,48
5/2/2016,60,45,52.5
5/3/2016,56,51,53.5
5/4/2016,52,48,50
5/5/2016,57,46,51.5
5/6/2016,54,48,51
5/7/2016,60,48,54
5/8/2016,66,49,57.5
5/9/2016,72,52,62
5/10/2016,63,50,56.5
5/11/2016,76,50,63
5/12/2016,80,56,68
5/13/2016,65,57,61
5/14/2016,73,56,64.5
5/15/2016,59,46,52.5
5/16/2016,66,43,54.5
5/17/2016,64,52,58
5/18/2016,68,52,60
5/19/2016,73,54,63.5
5/20/2016,76,53,64.5
5/21/2016,66,54,60
5/22/2016,70,52,61
5/23/2016,78,56,67
5/24/2016,73,58,65.5
5/25/2016,88,61,74.5
5/26/2016,90,69,79.5
5/27/2016,87,73,80
5/28/2016,92,71,81.5
5/29/2016,87,70,78.5
5/30/2016,82,68,75
5/31/2016,85,71,78
6/1/2016,83,66,74.5
6/2/2016,78,62,70
6/3/2016,70,63,66.5
6/4/2016,83,66,74.5
6/5/2016,71,65,68
6/6/2016,83,65,74
6/7/2016,85,64,74.5
6/8/2016,67,52,59.5
6/9/2016,71,54,62.5
6/10/2016,77,57,67
6/11/2016,88,59,73.5
6/12/2016,83,62,72.5
6/13/2016,74,57,65.5
6/14/2016,79,58,68.5
6/15/2016,85,62,73.5
6/16/2016,74,65,69.5
6/17/2016,78,63,70.5
6/18/2016,87,61,74
6/19/2016,88,66,77
6/20/2016,84,64,74
6/21/2016,87,72,79.5
6/22/2016,86,68,77
6/23/2016,83,69,76
6/24/2016,84,67,75.5
6/25/2016,86,64,75
6/26/2016,87,67,77
6/27/2016,83,67,75
6/28/2016,76,68,72
6/29/2016,83,67,75
6/30/2016,85,67,76
7/1/2016,79,66,72.5
7/2/2016,76,63,69.5
7/3/2016,78,64,71
7/4/2016,84,66,75
7/5/2016,86,69,77.5
7/6/2016,91,75,83
7/7/2016,89,77,83
7/8/2016,86,67,76.5
7/9/2016,72,65,68.5
7/10/2016,80,66,73
7/11/2016,81,65,73
7/12/2016,82,68,75
7/13/2016,85,71,78
7/14/2016,88,73,80.5
7/15/2016,88,79,83.5
7/16/2016,90,75,82.5
7/17/2016,89,75,82
7/18/2016,93,72,82.5
7/19/2016,83,73,78
7/20/2016,85,68,76.5
7/21/2016,90,71,80.5
7/22/2016,94,74,84
7/23/2016,96,80,88
7/24/2016,94,75,84.5
7/25/2016,93,73,83
7/26/2016,89,72,80.5
7/27/2016,91,74,82.5
7/28/2016,95,75,85
7/29/2016,85,69,77
7/30/2016,84,73,78.5
7/31/2016,78,71,74.5
8/1/2016,80,69,74.5
8/2/2016,79,68,73.5
8/3/2016,80,66,73
8/4/2016,81,67,74
8/5/2016,83,69,76
8/6/2016,87,72,79.5
8/7/2016,86,70,78
8/8/2016,86,71,78.5
8/9/2016,87,71,79
8/10/2016,86,75,80.5
8/11/2016,91,74,82.5
8/12/2016,93,73,83
8/13/2016,96,81,88.5
8/14/2016,94,78,86
8/15/2016,92,77,84.5
8/16/2016,87,78,82.5
8/17/2016,85,77,81
8/18/2016,85,72,78.5
8/19/2016,88,74,81
8/20/2016,83,70,76.5
8/21/2016,86,73,79.5
8/22/2016,79,65,72
8/23/2016,82,61,71.5
8/24/2016,88,68,78
8/25/2016,86,69,77.5
8/26/2016,90,75,82.5
8/27/2016,89,73,81
8/28/2016,89,72,80.5
8/29/2016,91,74,82.5
8/30/2016,86,69,77.5
8/31/2016,89,74,81.5
9/1/2016,79,69,74
9/2/2016,81,66,73.5
9/3/2016,75,66,70.5
9/4/2016,80,65,72.5
9/5/2016,84,65,74.5
9/6/2016,80,71,75.5
9/7/2016,85,71,78
9/8/2016,89,71,80
9/9/2016,91,75,83
9/10/2016,90,74,82
9/11/2016,83,67,75
9/12/2016,78,62,70
9/13/2016,83,64,73.5
9/14/2016,91,67,79
9/15/2016,74,61,67.5
9/16/2016,73,61,67
9/17/2016,77,59,68
9/18/2016,82,70,76
9/19/2016,76,69,72.5
9/20/2016,82,68,75
9/21/2016,84,68,76
9/22/2016,86,65,75.5
9/23/2016,87,64,75.5
9/24/2016,71,58,64.5
9/25/2016,70,54,62
9/26/2016,74,54,64
9/27/2016,74,64,69
9/28/2016,69,56,62.5
9/29/2016,64,57,60.5
9/30/2016,59,56,57.5
10/1/2016,62,56,59
10/2/2016,63,57,60
10/3/2016,72,60,66
10/4/2016,69,60,64.5
10/5/2016,67,53,60
10/6/2016,73,55,64
10/7/2016,75,57,66
10/8/2016,68,58,63
10/9/2016,65,51,58
10/10/2016,64,47,55.5
10/11/2016,63,46,54.5
10/12/2016,66,53,59.5
10/13/2016,67,53,60
10/14/2016,62,47,54.5
10/15/2016,65,45,55
10/16/2016,69,53,61
10/17/2016,81,63,72
10/18/2016,81,67,74
10/19/2016,85,65,75
10/20/2016,70,62,66
10/21/2016,69,57,63
10/22/2016,57,47,52
10/23/2016,61,45,53
10/24/2016,62,47,54.5
10/25/2016,52,43,47.5
10/26/2016,51,38,44.5
10/27/2016,55,40,47.5
10/28/2016,51,42,46.5
10/29/2016,64,39,51.5
10/30/2016,76,54,65
10/31/2016,54,44,49
11/1/2016,58,40,49
11/2/2016,70,54,62
11/3/2016,72,57,64.5
11/4/2016,61,47,54
11/5/2016,62,44,53
11/6/2016,59,45,52
11/7/2016,53,41,47
11/8/2016,66,41,53.5
11/9/2016,59,49,54
11/10/2016,56,40,48
11/11/2016,63,41,52
11/12/2016,50,37,43.5
11/13/2016,61,41,51
11/14/2016,62,46,54
11/15/2016,56,47,51.5
11/16/2016,61,45,53
11/17/2016,61,49,55
11/18/2016,64,44,54
11/19/2016,63,37,50
11/20/2016,42,34,38
11/21/2016,41,36,38.5
11/22/2016,41,37,39
11/23/2016,45,35,40
11/24/2016,48,38,43
11/25/2016,54,45,49.5
11/26/2016,50,40,45
11/27/2016,50,39,44.5
11/28/2016,52,38,45
11/29/2016,60,51,55.5
11/30/2016,58,50,54
12/1/2016,54,42,48
12/2/2016,51,40,45.5
12/3/2016,47,41,44
12/4/2016,47,39,43
12/5/2016,49,38,43.5
12/6/2016,46,37,41.5
12/7/2016,46,40,43
12/8/2016,45,35,40
12/9/2016,39,29,34
12/10/2016,35,28,31.5
12/11/2016,35,28,31.5
12/12/2016,46,34,40
12/13/2016,43,35,39
12/14/2016,42,34,38
12/15/2016,34,19,26.5
12/16/2016,27,17,22
12/17/2016,39,24,31.5
12/18/2016,58,31,44.5
12/19/2016,31,23,27
12/20/2016,33,20,26.5
12/21/2016,40,30,35
12/22/2016,49,37,43
12/23/2016,47,38,42.5
12/24/2016,47,38,42.5
12/25/2016,50,36,43
12/26/2016,50,33,41.5
12/27/2016,60,40,50
12/28/2016,40,34,37
12/29/2016,46,33,39.5
12/30/2016,40,33,36.5
12/31/2016,44,31,37.5
1/1/2017,48,40,44
1/2/2017,41,37,39
1/3/2017,43,39,41
1/4/2017,52,34,43
1/5/2017,34,27,30.5
1/6/2017,33,25,29
1/7/2017,26,20,23
1/8/2017,25,16,20.5
1/9/2017,23,14,18.5
1/10/2017,46,21,33.5
1/11/2017,52,42,47
1/12/2017,66,47,56.5
1/13/2017,62,32,47
1/14/2017,34,28,31
1/15/2017,38,30,34
1/16/2017,43,30,36.5
1/17/2017,42,38,40
1/18/2017,41,38,39.5
1/19/2017,49,39,44
1/20/2017,45,40,42.5
1/21/2017,49,41,45
1/22/2017,48,43,45.5
1/23/2017,44,36,40
1/24/2017,38,35,36.5
1/25/2017,51,36,43.5
1/26/2017,56,43,49.5
1/27/2017,43,36,39.5
1/28/2017,39,34,36.5
1/29/2017,43,35,39
1/30/2017,37,30,33.5
1/31/2017,34,26,30
2/1/2017,47,33,40
2/2/2017,45,32,38.5
2/3/2017,33,26,29.5
2/4/2017,34,22,28
2/5/2017,43,31,37
2/6/2017,49,36,42.5
2/7/2017,42,36,39
2/8/2017,62,38,50
2/9/2017,44,19,31.5
2/10/2017,32,19,25.5
2/11/2017,48,30,39
2/12/2017,40,30,35
2/13/2017,39,31,35
2/14/2017,41,28,34.5
2/15/2017,47,35,41
2/16/2017,35,28,31.5
2/17/2017,41,26,33.5
2/18/2017,63,35,49
2/19/2017,65,53,59
2/20/2017,55,39,47
2/21/2017,47,34,40.5
2/22/2017,57,42,49.5
2/23/2017,65,44,54.5
2/24/2017,70,58,64
2/25/2017,63,44,53.5
2/26/2017,44,36,40
2/27/2017,54,35,44.5
2/28/2017,59,47,53
3/1/2017,70,54,62
3/2/2017,64,35,49.5
3/3/2017,39,24,31.5
3/4/2017,30,17,23.5
3/5/2017,37,14,25.5
3/6/2017,45,26,35.5
3/7/2017,56,42,49
3/8/2017,59,47,53
3/9/2017,61,47,54
3/10/2017,47,23,35
3/11/2017,29,17,23
3/12/2017,29,19,24
3/13/2017,36,20,28
3/14/2017,32,21,26.5
3/15/2017,26,20,23
3/16/2017,39,24,31.5
3/17/2017,47,29,38
3/18/2017,39,34,36.5
3/19/2017,47,34,40.5
3/20/2017,52,33,42.5
3/21/2017,59,42,50.5
3/22/2017,50,24,37
3/23/2017,42,23,32.5
3/24/2017,57,36,46.5
3/25/2017,62,42,52
3/26/2017,42,37,39.5
3/27/2017,53,37,45
3/28/2017,46,41,43.5
3/29/2017,60,42,51
3/30/2017,52,38,45
3/31/2017,43,37,40
4/1/2017,48,37,42.5
4/2/2017,63,40,51.5
4/3/2017,63,48,55.5
4/4/2017,51,45,48
4/5/2017,65,45,55
4/6/2017,53,40,46.5
4/7/2017,51,40,45.5
4/8/2017,57,40,48.5
4/9/2017,67,45,56
4/10/2017,74,53,63.5
4/11/2017,80,61,70.5
4/12/2017,76,58,67
4/13/2017,65,48,56.5
4/14/2017,66,48,57
4/15/2017,65,51,58
4/16/2017,87,59,73
4/17/2017,74,58,66
4/18/2017,65,47,56
4/19/2017,54,45,49.5
4/20/2017,66,50,58
4/21/2017,53,48,50.5
4/22/2017,57,49,53
4/23/2017,66,46,56
4/24/2017,60,48,54
4/25/2017,54,49,51.5
4/26/2017,60,53,56.5
4/27/2017,70,57,63.5
4/28/2017,85,58,71.5
4/29/2017,85,64,74.5
4/30/2017,67,52,59.5
5/1/2017,74,49,61.5
5/2/2017,75,62,68.5
5/3/2017,65,51,58
5/4/2017,64,47,55.5
5/5/2017,59,51,55
5/6/2017,67,52,59.5
5/7/2017,56,47,51.5
5/8/2017,57,44,50.5
5/9/2017,63,47,55
5/10/2017,63,49,56
5/11/2017,62,51,56.5
5/12/2017,65,48,56.5
5/13/2017,53,45,49
5/14/2017,67,46,56.5
5/15/2017,68,53,60.5
5/16/2017,79,56,67.5
5/17/2017,90,65,77.5
5/18/2017,92,75,83.5
5/19/2017,91,66,78.5
5/20/2017,65,55,60
5/21/2017,69,52,60.5
5/22/2017,61,53,57
5/23/2017,69,56,62.5
5/24/2017,69,56,62.5
5/25/2017,59,56,57.5
5/26/2017,73,56,64.5
5/27/2017,71,59,65
5/28/2017,71,58,64.5
5/29/2017,61,56,58.5
5/30/2017,60,55,57.5
5/31/2017,75,58,66.5
6/1/2017,79,59,69
6/2/2017,76,57,66.5
6/3/2017,73,55,64
6/4/2017,70,56,63
6/5/2017,67,58,62.5
6/6/2017,58,52,55
6/7/2017,67,51,59
6/8/2017,69,55,62
6/9/2017,80,53,66.5
6/10/2017,85,66,75.5
6/11/2017,90,72,81
6/12/2017,93,76,84.5
6/13/2017,94,77,85.5
6/14/2017,84,69,76.5
6/15/2017,76,64,70
6/16/2017,68,63,65.5
6/17/2017,74,66,70
6/18/2017,85,70,77.5
6/19/2017,88,70,79
6/20/2017,83,71,77
6/21/2017,83,71,77
6/22/2017,83,68,75.5
6/23/2017,83,76,79.5
6/24/2017,84,71,77.5
6/25/2017,83,68,75.5
6/26/2017,79,64,71.5
6/27/2017,77,60,68.5
6/28/2017,78,61,69.5
6/29/2017,82,68,75
6/30/2017,88,73,80.5
7/1/2017,85,71,78
7/2/2017,87,72,79.5
7/3/2017,88,71,79.5
7/4/2017,85,70,77.5
7/5/2017,85,70,77.5
7/6/2017,77,71,74
7/7/2017,80,68,74
7/8/2017,84,69,76.5
7/9/2017,81,67,74
7/10/2017,84,68,76
7/11/2017,85,75,80
7/12/2017,88,77,82.5
7/13/2017,90,73,81.5
7/14/2017,73,65,69
7/15/2017,84,68,76
7/16/2017,87,68,77.5
7/17/2017,85,73,79
7/18/2017,88,73,80.5
7/19/2017,92,77,84.5
7/20/2017,94,77,85.5
7/21/2017,92,76,84
7/22/2017,92,71,81.5
7/23/2017,79,71,75
7/24/2017,73,63,68
7/25/2017,71,62,66.5
7/26/2017,77,65,71
7/27/2017,78,65,71.5
7/28/2017,85,71,78
7/29/2017,77,67,72
7/30/2017,82,64,73
7/31/2017,88,66,77
8/1/2017,92,71,81.5
8/2/2017,86,69,77.5
8/3/2017,87,68,77.5
8/4/2017,84,69,76.5
8/5/2017,78,69,73.5
8/6/2017,76,64,70
8/7/2017,71,64,67.5
8/8/2017,78,65,71.5
8/9/2017,85,64,74.5
8/10/2017,83,68,75.5
8/11/2017,82,69,75.5
8/12/2017,77,64,70.5
8/13/2017,83,71,77
8/14/2017,80,70,75
8/15/2017,74,68,71
8/16/2017,87,70,78.5
8/17/2017,83,69,76
8/18/2017,82,73,77.5
8/19/2017,86,73,79.5
8/20/2017,81,69,75
8/21/2017,87,71,79
8/22/2017,89,72,80.5
8/23/2017,81,70,75.5
8/24/2017,80,65,72.5
8/25/2017,78,63,70.5
8/26/2017,78,62,70
8/27/2017,78,63,70.5
8/28/2017,76,63,69.5
8/29/2017,68,61,64.5
8/30/2017,78,60,69
8/31/2017,81,64,72.5
9/1/2017,71,55,63
9/2/2017,68,54,61
9/3/2017,69,59,64
9/4/2017,80,61,70.5
9/5/2017,85,69,77
9/6/2017,72,61,66.5
9/7/2017,71,59,65
9/8/2017,71,58,64.5
9/9/2017,70,55,62.5
9/10/2017,72,57,64.5
9/11/2017,76,55,65.5
9/12/2017,78,59,68.5
9/13/2017,83,64,73.5
9/14/2017,81,70,75.5
9/15/2017,81,67,74
9/16/2017,82,70,76
9/17/2017,81,68,74.5
9/18/2017,73,68,70.5
9/19/2017,78,69,73.5
9/20/2017,79,71,75
9/21/2017,80,71,75.5
9/22/2017,82,66,74
9/23/2017,87,68,77.5
9/24/2017,91,69,80
9/25/2017,88,70,79
9/26/2017,84,68,76
9/27/2017,87,69,78
9/28/2017,79,59,69
9/29/2017,68,55,61.5
9/30/2017,66,54,60
10/1/2017,68,50,59
10/2/2017,73,52,62.5
10/3/2017,71,57,64
10/4/2017,75,56,65.5
10/5/2017,83,65,74
10/6/2017,82,68,75
10/7/2017,81,66,73.5
10/8/2017,77,72,74.5
10/9/2017,77,71,74
10/10/2017,81,66,73.5
10/11/2017,77,60,68.5
10/12/2017,64,55,59.5
10/13/2017,67,52,59.5
10/14/2017,72,61,66.5
10/15/2017,74,65,69.5
10/16/2017,69,46,57.5
10/17/2017,58,42,50
10/18/2017,72,50,61
10/19/2017,71,56,63.5
10/20/2017,73,57,65
10/21/2017,78,56,67
10/22/2017,76,57,66.5
10/23/2017,74,61,67.5
10/24/2017,74,67,70.5
10/25/2017,67,57,62
10/26/2017,58,50,54
10/27/2017,62,47,54.5
10/28/2017,69,55,62
10/29/2017,67,60,63.5
10/30/2017,61,46,53.5
10/31/2017,57,45,51
11/1/2017,59,43,51
11/2/2017,72,58,65
11/3/2017,74,51,62.5
11/4/2017,56,46,51
11/5/2017,61,51,56
11/6/2017,66,46,56
11/7/2017,49,40,44.5
11/8/2017,49,39,44
11/9/2017,55,39,47
11/10/2017,51,25,38
11/11/2017,38,24,31
11/12/2017,46,32,39
11/13/2017,47,39,43
11/14/2017,48,35,41.5
11/15/2017,51,37,44
11/16/2017,57,43,50
11/17/2017,47,37,42
11/18/2017,56,34,45
11/19/2017,59,38,48.5
11/20/2017,47,36,41.5
11/21/2017,58,42,50
11/22/2017,56,35,45.5
11/23/2017,43,31,37
11/24/2017,50,35,42.5
11/25/2017,57,43,50
11/26/2017,51,40,45.5
11/27/2017,51,39,45
11/28/2017,54,36,45
11/29/2017,63,42,52.5
11/30/2017,53,38,45.5
12/1/2017,52,42,47
12/2/2017,48,39,43.5
12/3/2017,48,42,45
12/4/2017,51,40,45.5
12/5/2017,61,50,55.5
12/6/2017,59,40,49.5
12/7/2017,44,37,40.5
12/8/2017,39,34,36.5
12/9/2017,35,30,32.5
12/10/2017,39,29,34
12/11/2017,41,33,37
12/12/2017,50,29,39.5
12/13/2017,31,20,25.5
12/14/2017,32,22,27
12/15/2017,28,20,24
12/16/2017,39,23,31
12/17/2017,38,32,35
12/18/2017,47,34,40.5
12/19/2017,55,45,50
12/20/2017,51,34,42.5
12/21/2017,39,32,35.5
12/22/2017,50,35,42.5
12/23/2017,48,38,43
12/24/2017,41,36,38.5
12/25/2017,38,28,33
12/26/2017,28,23,25.5
12/27/2017,24,17,20.5
12/28/2017,18,11,14.5
12/29/2017,22,11,16.5
12/30/2017,23,17,20
12/31/2017,21,9,15
1/1/2018,19.2,7.2,13.2
1/2/2018,26.2,13.1,19.65
1/3/2018,30.2,16.2,23.2
1/4/2018,29.1,19.2,24.15
1/5/2018,19.2,9.1,14.15
1/6/2018,13.1,6.3,9.7
1/7/2018,18.1,5.2,11.65
1/8/2018,31.1,17.2,24.15
1/9/2018,44.1,30.2,37.15
1/10/2018,43,30.2,36.6
1/11/2018,53.1,41,47.05
1/12/2018,61,44.1,52.55
1/13/2018,57.9,19.2,38.55
1/14/2018,25.2,15.3,20.25
1/15/2018,30.2,16.2,23.2
1/16/2018,36,25.2,30.6
1/17/2018,36,22.1,29.05
1/18/2018,32,18.1,25.05
1/19/2018,41,24.3,32.65
1/20/2018,52,37.9,44.95
1/21/2018,50,42.1,46.05
1/22/2018,48.9,37.9,43.4
1/23/2018,60.1,37.9,49
1/24/2018,44.1,27.1,35.6
1/25/2018,34,23.2,28.6
1/26/2018,37.9,26.2,32.05
1/27/2018,55.9,35.1,45.5
1/28/2018,55,46,50.5
1/29/2018,46.9,35.1,41
1/30/2018,36,24.3,30.15
1/31/2018,33.1,18.1,25.6
2/1/2018,45,32,38.5
2/2/2018,41,17.2,29.1
2/3/2018,31.1,16.2,23.65
2/4/2018,46,30.2,38.1
2/5/2018,39.9,26.2,33.05
2/6/2018,37,26.2,31.6
2/7/2018,45,30.2,37.6
2/8/2018,33.1,25.2,29.15
2/9/2018,39,26.2,32.6
2/10/2018,50,39,44.5
2/11/2018,62.1,45,53.55
2/12/2018,62.1,32,47.05
2/13/2018,37.9,26.2,32.05
2/14/2018,53.1,35.1,44.1
2/15/2018,62.1,46,54.05
2/16/2018,57.9,36,46.95
2/17/2018,39.9,28.2,34.05
2/18/2018,44.1,33.1,38.6
2/19/2018,48.9,36,42.45
2/20/2018,66.9,46.9,56.9
2/21/2018,78.1,55,66.55
2/22/2018,59,37,48
2/23/2018,42.1,36,39.05
2/24/2018,55,42.1,48.55
2/25/2018,44.1,39.9,42
2/26/2018,52,43,47.5
2/27/2018,55.9,39,47.45
2/28/2018,61,42.1,51.55
3/1/2018,60.1,44.1,52.1
3/2/2018,44.1,34,39.05
3/3/2018,48.9,36,42.45
3/4/2018,44.1,34,39.05
3/5/2018,43,33.1,38.05
3/6/2018,46.9,32,39.45
3/7/2018,39,33.1,36.05
3/8/2018,39,33.1,36.05
3/9/2018,42.1,30.2,36.15
3/10/2018,39.9,31.1,35.5
3/11/2018,45,32,38.5
3/12/2018,43,32,37.5
3/13/2018,39.9,33.1,36.5
3/14/2018,41,31.1,36.05
3/15/2018,48,32,40
3/16/2018,39.9,30.2,35.05
3/17/2018,48,27.1,37.55
3/18/2018,43,28.2,35.6
3/19/2018,46.9,33.1,40
3/20/2018,39,30.2,34.6
3/21/2018,39,31.1,35.05
3/22/2018,50,32,41
3/23/2018,48.9,35.1,42
3/24/2018,51.1,35.1,43.1
3/25/2018,45,33.1,39.05
3/26/2018,50,34,42
3/27/2018,46.9,34,40.45
3/28/2018,52,37.9,44.95
3/29/2018,53.1,48.9,51
3/30/2018,62.1,44.1,53.1
3/31/2018,57.9,39,48.45
4/1/2018,60.1,43,51.55
4/2/2018,43,33.1,38.05
4/3/2018,43,39,41
4/4/2018,55.9,39.9,47.9
4/5/2018,45,34,39.5
4/6/2018,62.1,37,49.55
4/7/2018,48.9,37,42.95
4/8/2018,46,32,39
4/9/2018,48.9,32,40.45
4/10/2018,51.1,37.9,44.5
4/11/2018,51.1,37,44.05
4/12/2018,63,46,54.5
4/13/2018,82,60.1,71.05
4/14/2018,77,44.1,60.55
4/15/2018,44.1,37.9,41
4/16/2018,60.1,39,49.55
4/17/2018,46.9,39,42.95
4/18/2018,55,37,46
4/19/2018,48.9,37.9,43.4
4/20/2018,50,37,43.5
4/21/2018,63,39,51
4/22/2018,66.9,44.1,55.5
4/23/2018,68,46,57
4/24/2018,66,46,56
4/25/2018,60.1,52,56.05
4/26/2018,70,55,62.5
4/27/2018,59,51.1,55.05
4/28/2018,68,50,59
4/29/2018,59,46.9,52.95
4/30/2018,51.1,44.1,47.6
5/1/2018,80.1,48,64.05
5/2/2018,90,64.9,77.45
5/3/2018,91.9,70,80.95
5/4/2018,84,72,78
5/5/2018,75.9,61,68.45
5/6/2018,66,55.9,60.95
5/7/2018,77,54,65.5
5/8/2018,73.9,53.1,63.5
5/9/2018,77,54,65.5
5/10/2018,66,54,60
5/11/2018,73,60.1,66.55
5/12/2018,63,51.1,57.05
5/13/2018,54,52,53
5/14/2018,71.1,52,61.55
5/15/2018,88,61,74.5
5/16/2018,64,55.9,59.95
5/17/2018,71.1,55.9,63.5
5/18/2018,66.9,55.9,61.4
5/19/2018,55.9,48.9,52.4
5/20/2018,81,55.9,68.45
5/21/2018,79,57.9,68.45
5/22/2018,68,55,61.5
5/23/2018,81,59,70
5/24/2018,82.9,63,72.95
5/25/2018,86,64.9,75.45
5/26/2018,89.1,72,80.55
5/27/2018,80.1,55.9,68
5/28/2018,69.1,55.9,62.5
5/29/2018,89.1,63,76.05
5/30/2018,78.1,61,69.55
5/31/2018,68,63,65.5
6/1/2018,81,64.9,72.95
6/2/2018,87.1,66,76.55
6/3/2018,66,51.1,58.55
6/4/2018,71.1,51.1,61.1
6/5/2018,75,57.9,66.45
6/6/2018,71.1,57.9,64.5
6/7/2018,71.1,60.1,65.6
6/8/2018,82,60.1,71.05
6/9/2018,82.9,66.9,74.9
6/10/2018,73,57.9,65.45
6/11/2018,73,57.9,65.45
6/12/2018,75,57,66
6/13/2018,78.1,63,70.55
6/14/2018,84,66.9,75.45
6/15/2018,75.9,63,69.45
6/16/2018,84.9,64,74.45
6/17/2018,91,66,78.5
6/18/2018,91,73,82
6/19/2018,88,75,81.5
6/20/2018,82.9,69.1,76
6/21/2018,82.9,64.9,73.9
6/22/2018,75,62.1,68.55
6/23/2018,66,62.1,64.05
6/24/2018,84,66,75
6/25/2018,81,66.9,73.95
6/26/2018,78.1,61,69.55
6/27/2018,73,66,69.5
6/28/2018,82.9,70,76.45
6/29/2018,89.1,70,79.55
6/30/2018,93,72,82.5
7/1/2018,96.1,79,87.55
7/2/2018,95,79,87
7/3/2018,91.9,77,84.45
7/4/2018,86,77,81.5
7/5/2018,90,75.9,82.95
7/6/2018,80.1,69.1,74.6
7/7/2018,78.1,62.1,70.1
7/8/2018,84,62.1,73.05
7/9/2018,87.1,66.9,77
7/10/2018,93,72,82.5
7/11/2018,88,73.9,80.95
7/12/2018,84,64,74
7/13/2018,84,68,76
7/14/2018,88,70,79
7/15/2018,82.9,69.1,76
7/16/2018,90,75,82.5
7/17/2018,88,70,79
7/18/2018,84.9,66,75.45
7/19/2018,82.9,66,74.45
7/20/2018,82,69.1,75.55
7/21/2018,79,64.9,71.95
7/22/2018,79,70,74.5
7/23/2018,80.1,73,76.55
7/24/2018,82,75,78.5
7/25/2018,77,72,74.5
7/26/2018,84.9,72,78.45
7/27/2018,86,68,77
7/28/2018,84.9,70,77.45
7/29/2018,82,70,76
7/30/2018,78.1,68,73.05
7/31/2018,82,68,75
8/1/2018,84,73.9,78.95
8/2/2018,86,75.9,80.95
8/3/2018,84.9,73,78.95
8/4/2018,84,72,78
8/5/2018,91,73,82
8/6/2018,91.9,77,84.45
8/7/2018,90,73.9,81.95
8/8/2018,90,75.9,82.95
8/9/2018,86,73,79.5
8/10/2018,86,72,79
8/11/2018,80.1,70,75.05
8/12/2018,84,72,78
8/13/2018,75,71.1,73.05
8/14/2018,82,71.1,76.55
8/15/2018,86,70,78
8/16/2018,88,75.9,81.95
8/17/2018,87.1,72,79.55
8/18/2018,84.9,71.1,78
8/19/2018,72,66.9,69.45
8/20/2018,73.9,66.9,70.4
8/21/2018,79,66,72.5
8/22/2018,82,71.1,76.55
8/23/2018,77,64.9,70.95
8/24/2018,82,64.9,73.45
8/25/2018,80.1,68,74.05
8/26/2018,82.9,69.1,76
8/27/2018,88,73.9,80.95
8/28/2018,93.9,79,86.45
8/29/2018,91.9,81,86.45
8/30/2018,90,78.1,84.05
8/31/2018,78.1,69.1,73.6
9/1/2018,78.1,69.1,73.6
9/2/2018,81,68,74.5
9/3/2018,90,75,82.5
9/4/2018,91.9,77,84.45
9/5/2018,89.1,77,83.05
9/6/2018,93,73,83
9/7/2018,75,69.1,72.05
9/8/2018,71.1,61,66.05
9/9/2018,62.1,55,58.55
9/10/2018,64,54,59
9/11/2018,73.9,62.1,68
9/12/2018,77,71.1,74.05
9/13/2018,75.9,69.1,72.5
9/14/2018,75,68,71.5
9/15/2018,80.1,66.9,73.5
9/16/2018,84,66.9,75.45
9/17/2018,79,68,73.5
9/18/2018,79,70,74.5
9/19/2018,81,68,74.5
9/20/2018,72,64.9,68.45
9/21/2018,72,66.9,69.45
9/22/2018,73.9,62.1,68
9/23/2018,66,60.1,63.05
9/24/2018,69.1,57,63.05
9/25/2018,73,59,66
9/26/2018,82,69.1,75.55
9/27/2018,72,61,66.5
9/28/2018,64.9,55.9,60.4
9/29/2018,72,57.9,64.95
9/30/2018,70,54,62
10/1/2018,75.9,63,69.45
10/2/2018,77,64.9,70.95
10/3/2018,73.9,63,68.45
10/4/2018,75.9,61,68.45
10/5/2018,71.1,60.1,65.6
10/6/2018,68,63,65.5
10/7/2018,79,66.9,72.95
10/8/2018,73.9,64,68.95
10/9/2018,77,66,71.5
10/10/2018,80.1,71.1,75.6
10/11/2018,77,69.1,73.05
10/12/2018,68,51.1,59.55
10/13/2018,55,46,50.5
10/14/2018,57.9,46.9,52.4
10/15/2018,68,52,60
10/16/2018,60.1,46.9,53.5
10/17/2018,61,46,53.5
10/18/2018,50,42.1,46.05
10/19/2018,60.1,43,51.55
10/20/2018,62.1,51.1,56.6
10/21/2018,51.1,39,45.05
10/22/2018,50,39,44.5
10/23/2018,63,48.9,55.95
10/24/2018,54,44.1,49.05
10/25/2018,51.1,39.9,45.5
10/26/2018,50,37.9,43.95
10/27/2018,51.1,44.1,47.6
10/28/2018,52,45,48.5
10/29/2018,55.9,46.9,51.4
10/30/2018,55,42.1,48.55
10/31/2018,64,44.1,54.05
11/1/2018,70,57,63.5
11/2/2018,72,64,68
11/3/2018,64.9,48,56.45
11/4/2018,55,43,49
11/5/2018,53.1,48,50.55
11/6/2018,59,48.9,53.95
11/7/2018,62.1,51.1,56.6
11/8/2018,55.9,45,50.45
11/9/2018,52,39.9,45.95
11/10/2018,50,34,42
11/11/2018,46,33.1,39.55
11/12/2018,48.9,37,42.95
11/13/2018,50,43,46.5
11/14/2018,43,32,37.5
11/15/2018,39.9,28.2,34.05
11/16/2018,45,34,39.5
11/17/2018,46.9,37,41.95
11/18/2018,44.1,39,41.55
11/19/2018,50,41,45.5
11/20/2018,46.9,39,42.95
11/21/2018,44.1,27.1,35.6
11/22/2018,28.2,17.2,22.7
11/23/2018,32,15.3,23.65
11/24/2018,48.9,31.1,40
11/25/2018,55,45,50
11/26/2018,53.1,45,49.05
11/27/2018,45,37,41
11/28/2018,42.1,36,39.05
11/29/2018,46,37.9,41.95
11/30/2018,43,37.9,40.45
12/1/2018,46,36,41
12/2/2018,55.9,42.1,49
12/3/2018,55,46,50.5
12/4/2018,46,31.1,38.55
12/5/2018,37,28.2,32.6
12/6/2018,39.9,30.2,35.05
12/7/2018,39,28.2,33.6
12/8/2018,36,24.3,30.15
12/9/2018,36,28.2,32.1
12/10/2018,39,29.1,34.05
12/11/2018,41,29.1,35.05
12/12/2018,41,33.1,37.05
12/13/2018,39.9,33.1,36.5
12/14/2018,51.1,39.9,45.5
12/15/2018,52,46,49
12/16/2018,46,35.1,40.55
12/17/2018,46,37,41.5
12/18/2018,39.9,28.2,34.05
12/19/2018,42.1,26.2,34.15
12/20/2018,46.9,37,41.95
12/21/2018,61,46.9,53.95
12/22/2018,54,39.9,46.95
12/23/2018,43,36,39.5
12/24/2018,43,36,39.5
12/25/2018,39.9,33.1,36.5
12/26/2018,43,32,37.5
12/27/2018,44.1,37,40.55
12/28/2018,60.1,43,51.55
12/29/2018,57,39,48
12/30/2018,39.9,33.1,36.5
12/31/2018,48,36,42
1/1/2019,57.9,39,48.45
1/2/2019,39.9,35.1,37.5
1/3/2019,44.1,37,40.55
1/4/2019,46.9,35.1,41
1/5/2019,46.9,41,43.95
1/6/2019,48.9,31.1,40
1/7/2019,34,25.2,29.6
1/8/2019,45,34,39.5
1/9/2019,45,34,39.5
1/10/2019,34,28.2,31.1
1/11/2019,30.2,21.2,25.7
1/12/2019,34,20.1,27.05
1/13/2019,33.1,25.2,29.15
1/14/2019,32,22.1,27.05
1/15/2019,36,25.2,30.6
1/16/2019,39,30.2,34.6
1/17/2019,33.1,24.3,28.7
1/18/2019,39,29.1,34.05
1/19/2019,37,32,34.5
1/20/2019,42.1,14.2,28.15
1/21/2019,14.2,4.1,9.15
1/22/2019,31.1,13.1,22.1
1/23/2019,52,31.1,41.55
1/24/2019,59,35.1,47.05
1/25/2019,39.9,28.2,34.05
1/26/2019,35.1,24.3,29.7
1/27/2019,48.9,32,40.45
1/28/2019,37.9,25.2,31.55
1/29/2019,43,25.2,34.1
1/30/2019,35.1,6.3,20.7
1/31/2019,16.2,2.1,9.15
2/1/2019,21.2,11.1,16.15
2/2/2019,34,16.2,25.1
2/3/2019,53.1,33.1,43.1
2/4/2019,61,41,51
2/5/2019,64.9,44.1,54.5
2/6/2019,46,35.1,40.55
2/7/2019,44.1,39,41.55
2/8/2019,55,32,43.5
2/9/2019,32,23.2,27.6
2/10/2019,35.1,23.2,29.15
2/11/2019,37.9,30.2,34.05
2/12/2019,36,26.2,31.1
2/13/2019,41,33.1,37.05
2/14/2019,46,33.1,39.55
2/15/2019,59,42.1,50.55
2/16/2019,46.9,32,39.45
2/17/2019,37.9,26.2,32.05
2/18/2019,42.1,26.2,34.15
2/19/2019,36,23.2,29.6
2/20/2019,33.1,26.2,29.65
2/21/2019,52,33.1,42.55
2/22/2019,44.1,36,40.05
2/23/2019,42.1,32,37.05
2/24/2019,46.9,36,41.45
2/25/2019,43,28.2,35.6
2/26/2019,36,25.2,30.6
2/27/2019,31.1,23.2,27.15
2/28/2019,37,27.1,32.05
3/1/2019,35.1,26.2,30.65
3/2/2019,41,31.1,36.05
3/3/2019,42.1,33.1,37.6
3/4/2019,37.9,28.2,33.05
3/5/2019,32,20.1,26.05
3/6/2019,26.2,19.2,22.7
3/7/2019,32,18.1,25.05
3/8/2019,39,24.3,31.65
3/9/2019,48.9,34,41.45
3/10/2019,43,35.1,39.05
3/11/2019,53.1,39,46.05
3/12/2019,44.1,34,39.05
3/13/2019,48.9,32,40.45
3/14/2019,57,42.1,49.55
3/15/2019,75,48.9,61.95
3/16/2019,57.9,37,47.45
3/17/2019,45,34,39.5
3/18/2019,46,32,39
3/19/2019,51.1,35.1,43.1
3/20/2019,53.1,37,45.05
3/21/2019,46,41,43.5
3/22/2019,48.9,37.9,43.4
3/23/2019,48,35.1,41.55
3/24/2019,60.1,37.9,49
3/25/2019,55.9,42.1,49
3/26/2019,48.9,33.1,41
3/27/2019,46.9,34,40.45
3/28/2019,53.1,37,45.05
3/29/2019,59,48.9,53.95
3/30/2019,70,52,61
3/31/2019,64.9,39,51.95
4/1/2019,46,33.1,39.55
4/2/2019,52,39,45.5
4/3/2019,66.9,41,53.95
4/4/2019,60.1,44.1,52.1
4/5/2019,45,37.9,41.45
4/6/2019,68,39,53.5
4/7/2019,66,51.1,58.55
4/8/2019,79,48.9,63.95
4/9/2019,51.1,46,48.55
4/10/2019,60.1,45,52.55
4/11/2019,55,39.9,47.45
4/12/2019,68,46,57
4/13/2019,77,59,68
4/14/2019,73,60.1,66.55
4/15/2019,64.9,46,55.45
4/16/2019,66,44.1,55.05
4/17/2019,63,48,55.5
4/18/2019,62.1,51.1,56.6
4/19/2019,80.1,57.9,69
4/20/2019,64,55,59.5
4/21/2019,66,53.1,59.55
4/22/2019,64,52,58
4/23/2019,77,55.9,66.45
4/24/2019,69.1,55,62.05
4/25/2019,66,48,57
4/26/2019,59,51.1,55.05
4/27/2019,57.9,46.9,52.4
4/28/2019,53.1,45,49.05
4/29/2019,60.1,41,50.55
4/30/2019,60.1,48,54.05
5/1/2019,55.9,50,52.95
5/2/2019,78.1,50,64.05
5/3/2019,55.9,50,52.95
5/4/2019,71.1,53.1,62.1
5/5/2019,57.9,51.1,54.5
5/6/2019,73.9,51.1,62.5
5/7/2019,70,52,61
5/8/2019,71.1,55,63.05
5/9/2019,61,53.1,57.05
5/10/2019,73,55.9,64.45
5/11/2019,69.1,55.9,62.5
5/12/2019,59,43,51
5/13/2019,48,42.1,45.05
5/14/2019,52,44.1,48.05
5/15/2019,69.1,44.1,56.6
5/16/2019,73,52,62.5
5/17/2019,75.9,60.1,68
5/18/2019,75,55.9,65.45
5/19/2019,75.9,60.1,68
5/20/2019,84.9,66,75.45
5/21/2019,71.1,55.9,63.5
5/22/2019,73.9,54,63.95
5/23/2019,72,55,63.5
5/24/2019,73,61,67
5/25/2019,71.1,55,63.05
5/26/2019,86,59,72.5
5/27/2019,80.1,64,72.05
5/28/2019,71.1,62.1,66.6
5/29/2019,70,55.9,62.95
5/30/2019,70,57,63.5
5/31/2019,80.1,63,71.55
6/1/2019,80.1,63,71.55
6/2/2019,81,61,71
6/3/2019,70,57.9,63.95
6/4/2019,70,54,62
6/5/2019,81,64,72.5
6/6/2019,82.9,68,75.45
6/7/2019,81,66,73.5
6/8/2019,81,63,72
6/9/2019,78.1,60.1,69.1
6/10/2019,70,60.1,65.05
6/11/2019,77,63,70
6/12/2019,73.9,59,66.45
6/13/2019,64.9,55,59.95
6/14/2019,73,57.9,65.45
6/15/2019,81,60.1,70.55
6/16/2019,80.1,64.9,72.5
6/17/2019,75.9,69.1,72.5
6/18/2019,73,66.9,69.95
6/19/2019,71.1,66,68.55
6/20/2019,78.1,64.9,71.5
6/21/2019,77,64.9,70.95
6/22/2019,79,61,70
6/23/2019,82.9,64,73.45
6/24/2019,84,66.9,75.45
6/25/2019,84,72,78
6/26/2019,87.1,72,79.55
6/27/2019,89.1,71.1,80.1
6/28/2019,89.1,73,81.05
6/29/2019,91,72,81.5
6/30/2019,82.9,69.1,76
7/1/2019,84.9,64.9,74.9
7/2/2019,84.9,71.1,78
7/3/2019,87.1,75,81.05
7/4/2019,90,73.9,81.95
7/5/2019,86,72,79
7/6/2019,90,75.9,82.95
7/7/2019,86,72,79
7/8/2019,78.1,68,73.05
7/9/2019,87.1,69.1,78.1
7/10/2019,88,73.9,80.95
7/11/2019,87.1,73,80.05
7/12/2019,87.1,72,79.55
7/13/2019,84.9,70,77.45
7/14/2019,89.1,75.9,82.5
7/15/2019,84.9,68,76.45
7/16/2019,91,72,81.5
7/17/2019,93,73,83
7/18/2019,79,71.1,75.05
7/19/2019,91,71.1,81.05
7/20/2019,95,82,88.5
7/21/2019,95,80.1,87.55
7/22/2019,90,72,81
7/23/2019,73.9,66.9,70.4
7/24/2019,82.9,66.9,74.9
7/25/2019,84,70,77
7/26/2019,88,69.1,78.55
7/27/2019,84.9,72,78.45
7/28/2019,88,71.1,79.55
7/29/2019,90,73,81.5
7/30/2019,91.9,78.1,85
7/31/2019,87.1,70,78.55
8/1/2019,87.1,70,78.55
8/2/2019,84,73,78.5
8/3/2019,86,68,77
8/4/2019,87.1,69.1,78.1
8/5/2019,82,70,76
8/6/2019,79,71.1,75.05
8/7/2019,84,69.1,76.55
8/8/2019,84,66.9,75.45
8/9/2019,82.9,68,75.45
8/10/2019,81,66,73.5
8/11/2019,80.1,63,71.55
8/12/2019,84.9,68,76.45
8/13/2019,79,71.1,75.05
8/14/2019,84,73,78.5
8/15/2019,84.9,70,77.45
8/16/2019,79,68,73.5
8/17/2019,87.1,73,80.05
8/18/2019,90,70,80
8/19/2019,90,72,81
8/20/2019,88,75,81.5
8/21/2019,87.1,73.9,80.5
8/22/2019,90,71.1,80.55
8/23/2019,73.9,64.9,69.4
8/24/2019,75.9,64,69.95
8/25/2019,77,63,70
8/26/2019,73.9,61,67.45
8/27/2019,75,62.1,68.55
8/28/2019,73.9,66.9,70.4
8/29/2019,81,64.9,72.95
8/30/2019,86,66.9,76.45
8/31/2019,81,69.1,75.05
9/1/2019,78.1,63,70.55
9/2/2019,73.9,69.1,71.5
9/3/2019,82,66.9,74.45
9/4/2019,87.1,68,77.55
9/5/2019,73.9,64.9,69.4
9/6/2019,66.9,57.9,62.4
9/7/2019,75,55.9,65.45
9/8/2019,77,63,70
9/9/2019,78.1,64,71.05
9/10/2019,75.9,66,70.95
9/11/2019,88,69.1,78.55
9/12/2019,81,61,71
9/13/2019,72,57,64.5
9/14/2019,73.9,61,67.45
9/15/2019,82,68,75
9/16/2019,77,68,72.5
9/17/2019,75.9,62.1,69
9/18/2019,69.1,57,63.05
9/19/2019,70,52,61
9/20/2019,78.1,55.9,67
9/21/2019,84,61,72.5
9/22/2019,86,66.9,76.45
9/23/2019,89.1,70,79.55
9/24/2019,75.9,63,69.45
9/25/2019,79,57.9,68.45
9/26/2019,82.9,63,72.95
9/27/2019,75.9,59,67.45
9/28/2019,82,64.9,73.45
9/29/2019,80.1,64.9,72.5
9/30/2019,71.1,60.1,65.6
10/1/2019,81,63,72
10/2/2019,93,63,78
10/3/2019,63,53.1,58.05
10/4/2019,66,50,58
10/5/2019,61,45,53
10/6/2019,70,57,63.5
10/7/2019,79,59,69
10/8/2019,64,57,60.5
10/9/2019,59,51.1,55.05
10/10/2019,71.1,53.1,62.1
10/11/2019,64,55,59.5
10/12/2019,66.9,55,60.95
10/13/2019,66.9,53.1,60
10/14/2019,72,57.9,64.95
10/15/2019,64,51.1,57.55
10/16/2019,66,52,59
10/17/2019,57,51.1,54.05
10/18/2019,57.9,46.9,52.4
10/19/2019,60.1,43,51.55
10/20/2019,59,48.9,53.95
10/21/2019,66.9,51.1,59
10/22/2019,63,55,59
10/23/2019,64.9,54,59.45
10/24/2019,66.9,50,58.45
10/25/2019,64.9,52,58.45
10/26/2019,63,52,57.5
10/27/2019,66.9,55,60.95
10/28/2019,63,55,59
10/29/2019,59,54,56.5
10/30/2019,63,57.9,60.45
10/31/2019,71.1,60.1,65.6
11/1/2019,71.1,42.1,56.6
11/2/2019,53.1,39.9,46.5
11/3/2019,54,42.1,48.05
11/4/2019,55.9,41,48.45
11/5/2019,61,51.1,56.05
11/6/2019,54,45,49.5
11/7/2019,57,41,49
11/8/2019,41,29.1,35.05
11/9/2019,41,27.1,34.05
11/10/2019,51.1,37.9,44.5
11/11/2019,62.1,46,54.05
11/12/2019,57,25.2,41.1
11/13/2019,34,23.2,28.6
11/14/2019,45,28.2,36.6
11/15/2019,51.1,37,44.05
11/16/2019,42.1,31.1,36.6
11/17/2019,43,30.2,36.6
11/18/2019,42.1,37,39.55
11/19/2019,48,39.9,43.95
11/20/2019,48.9,39.9,44.4
11/21/2019,53.1,39,46.05
11/22/2019,53.1,37.9,45.5
11/23/2019,45,34,39.5
11/24/2019,46,39.9,42.95
11/25/2019,53.1,39,46.05
11/26/2019,61,44.1,52.55
11/27/2019,59,48.9,53.95
11/28/2019,53.1,37,45.05
11/29/2019,39.9,30.2,35.05
11/30/2019,43,31.1,37.05
12/1/2019,39,30.2,34.6
12/2/2019,37,31.1,34.05
12/3/2019,36,30.2,33.1
12/4/2019,39,32,35.5
12/5/2019,42.1,36,39.05
12/6/2019,50,34,42
12/7/2019,37.9,30.2,34.05
12/8/2019,46,28.2,37.1
12/9/2019,55,42.1,48.55
12/10/2019,57.9,39,48.45
12/11/2019,39.9,31.1,35.5
12/12/2019,36,26.2,31.1
12/13/2019,48,33.1,40.55
12/14/2019,55.9,45,50.45
12/15/2019,48.9,37,42.95
12/16/2019,37,33.1,35.05
12/17/2019,35.1,32,33.55
12/18/2019,36,21.2,28.6
12/19/2019,25.2,16.2,20.7
12/20/2019,33.1,22.1,27.6
12/21/2019,35.1,23.2,29.15
12/22/2019,46,30.2,38.1
12/23/2019,57,41,49
12/24/2019,46.9,36,41.45
12/25/2019,46.9,32,39.45
12/26/2019,46,36,41
12/27/2019,54,46,50
12/28/2019,51.1,43,47.05
12/29/2019,44.1,39,41.55
12/30/2019,41,37,39
12/31/2019,45,36,40.5
1/1/2020,41,34,37.5
1/2/2020,48.9,33.1,41
1/3/2020,48.9,44.1,46.5
1/4/2020,51.1,41,46.05
1/5/2020,42.1,35.1,38.6
1/6/2020,45,32,38.5
1/7/2020,45,36,40.5
1/8/2020,42.1,28.2,35.15
1/9/2020,34,23.2,28.6
1/10/2020,55,33.1,44.05
1/11/2020,69.1,51.1,60.1
1/12/2020,68,43,55.5
1/13/2020,46,37,41.5
1/14/2020,46,39,42.5
1/15/2020,50,41,45.5
1/16/2020,48.9,33.1,41
1/17/2020,33.1,21.2,27.15
1/18/2020,37,20.1,28.55
1/19/2020,43,27.1,35.05
1/20/2020,31.1,20.1,25.6
1/21/2020,33.1,20.1,26.6
1/22/2020,37.9,25.2,31.55
1/23/2020,46.9,33.1,40
1/24/2020,51.1,37,44.05
1/25/2020,51.1,37.9,44.5
1/26/2020,46,37.9,41.95
1/27/2020,45,37,41
1/28/2020,43,37,40
1/29/2020,41,31.1,36.05
1/30/2020,37.9,25.2,31.55
1/31/2020,44.1,33.1,38.6
2/1/2020,43,37,40
2/2/2020,45,35.1,40.05
2/3/2020,57,37,47
2/4/2020,61,43,52
2/5/2020,55,39,47
2/6/2020,41,35.1,38.05
2/7/2020,55.9,33.1,44.5
2/8/2020,41,30.2,35.6
2/9/2020,44.1,31.1,37.6
2/10/2020,46.9,42.1,44.5
2/11/2020,48,43,45.5
2/12/2020,46,37,41.5
2/13/2020,44.1,37,40.55
2/14/2020,39.9,18.1,29
2/15/2020,31.1,14.2,22.65
2/16/2020,44.1,30.2,37.15
2/17/2020,51.1,37.9,44.5
2/18/2020,46.9,37.9,42.4
2/19/2020,48,32,40
2/20/2020,35.1,26.2,30.65
2/21/2020,35.1,20.1,27.6
2/22/2020,50,30.2,40.1
2/23/2020,55.9,39,47.45
2/24/2020,62.1,41,51.55
2/25/2020,53.1,46,49.55
2/26/2020,48,43,45.5
2/27/2020,43,31.1,37.05
2/28/2020,42.1,29.1,35.6
2/29/2020,35.1,25.2,30.15
3/1/2020,44.1,25.2,34.65
3/2/2020,57.9,39.9,48.9
3/3/2020,59,48.9,53.95
3/4/2020,55.9,45,50.45
3/5/2020,51.1,39,45.05
3/6/2020,45,37,41
3/7/2020,48,36,42
3/8/2020,59,35.1,47.05
3/9/2020,72,46.9,59.45
3/10/2020,64.9,54,59.45
3/11/2020,57,43,50
3/12/2020,50,43,46.5
3/13/2020,70,45,57.5
3/14/2020,57,43,50
3/15/2020,54,39.9,46.95
3/16/2020,45,33.1,39.05
3/17/2020,54,41,47.5
3/18/2020,54,41,47.5
3/19/2020,52,41,46.5
3/20/2020,77,46.9,61.95
3/21/2020,64.9,39.9,52.4
3/22/2020,45,33.1,39.05
3/23/2020,41,36,38.5
3/24/2020,55,36,45.5
3/25/2020,45,39.9,42.45
3/26/2020,60.1,37.9,49
3/27/2020,69.1,50,59.55
3/28/2020,54,44.1,49.05
3/29/2020,46.9,44.1,45.5
3/30/2020,52,41,46.5
3/31/2020,48.9,41,44.95
4/1/2020,55.9,37.9,46.9
4/2/2020,57.9,37.9,47.9
4/3/2020,52,45,48.5
4/4/2020,62.1,46,54.05
4/5/2020,64.9,46.9,55.9
4/6/2020,66,48.9,57.45
4/7/2020,68,52,60
4/8/2020,64,48.9,56.45
4/9/2020,59,43,51
4/10/2020,48.9,37,42.95
4/11/2020,55.9,37.9,46.9
4/12/2020,63,44.1,53.55
4/13/2020,66.9,53.1,60
4/14/2020,60.1,46.9,53.5
4/15/2020,54,42.1,48.05
4/16/2020,50,37.9,43.95
4/17/2020,51.1,36,43.55
4/18/2020,46,41,43.5
4/19/2020,63,39.9,51.45
4/20/2020,57,48,52.5
4/21/2020,61,39,50
4/22/2020,51.1,36,43.55
4/23/2020,52,39.9,45.95
4/24/2020,48.9,42.1,45.5
4/25/2020,64.9,44.1,54.5
4/26/2020,51.1,42.1,46.6
4/27/2020,50,39,44.5
4/28/2020,66.9,41,53.95
4/29/2020,59,46.9,52.95
4/30/2020,60.1,48.9,54.5
5/1/2020,66,53.1,59.55
5/2/2020,73,51.1,62.05
5/3/2020,80.1,54,67.05
5/4/2020,75,50,62.5
5/5/2020,63,46,54.5
5/6/2020,52,45,48.5
5/7/2020,66.9,46,56.45
5/8/2020,57,36,46.5
5/9/2020,48,34,41
5/10/2020,64,39,51.5
5/11/2020,61,44.1,52.55
5/12/2020,59,43,51
5/13/2020,64,41,52.5
5/14/2020,66.9,46.9,56.9
5/15/2020,84,60.1,72.05
5/16/2020,77,59,68
5/17/2020,69.1,55,62.05
5/18/2020,70,54,62
5/19/2020,68,53.1,60.55
5/20/2020,66,48.9,57.45
5/21/2020,68,46,57
5/22/2020,77,54,65.5
5/23/2020,66.9,55,60.95
5/24/2020,66.9,52,59.45
5/25/2020,71.1,55,63.05
5/26/2020,78.1,57.9,68
5/27/2020,79,60.1,69.55
5/28/2020,75.9,64,69.95
5/29/2020,81,66.9,73.95
5/30/2020,81,66.9,73.95
5/31/2020,70,55.9,62.95
6/1/2020,70,51.1,60.55
6/2/2020,72,59,65.5
6/3/2020,79,60.1,69.55
6/4/2020,84,66,75
6/5/2020,79,69.1,74.05
6/6/2020,86,70,78
6/7/2020,75.9,63,69.45
6/8/2020,79,59,69
6/9/2020,87.1,64.9,76
6/10/2020,84.9,70,77.45
6/11/2020,84,70,77
6/12/2020,84.9,69.1,77
6/13/2020,75,59,67
6/14/2020,73.9,54,63.95
6/15/2020,75,59,67
6/16/2020,78.1,60.1,69.1
6/17/2020,78.1,60.1,69.1
6/18/2020,77,64.9,70.95
6/19/2020,82.9,64.9,73.9
6/20/2020,86,70,78
6/21/2020,88,70,79
6/22/2020,90,72,81
6/23/2020,87.1,73.9,80.5
6/24/2020,86,73.9,79.95
6/25/2020,87.1,72,79.55
6/26/2020,87.1,69.1,78.1
6/27/2020,80.1,72,76.05
6/28/2020,90,70,80
6/29/2020,87.1,64.9,76
6/30/2020,80.1,66.9,73.5
7/1/2020,80.1,66.9,73.5
7/2/2020,91.9,68,79.95
7/3/2020,90,71.1,80.55
7/4/2020,87.1,68,77.55
7/5/2020,91.9,72,81.95
7/6/2020,96.1,70,83.05
7/7/2020,82,72,77
7/8/2020,82.9,75,78.95
7/9/2020,89.1,75,82.05
7/10/2020,77,73,75
7/11/2020,82.9,72,77.45
7/12/2020,87.1,71.1,79.1
7/13/2020,86,70,78
7/14/2020,84.9,70,77.45
7/15/2020,82,70,76
7/16/2020,78.1,69.1,73.6
7/17/2020,84,69.1,76.55
7/18/2020,91,72,81.5
7/19/2020,93.9,77,85.45
7/20/2020,93,81,87
7/21/2020,91,77,84
7/22/2020,91.9,72,81.95
7/23/2020,86,73,79.5
7/24/2020,80.1,72,76.05
7/25/2020,88,72,80
7/26/2020,91.9,77,84.45
7/27/2020,93,75.9,84.45
7/28/2020,93,80.1,86.55
7/29/2020,90,77,83.5
7/30/2020,91.9,73.9,82.9
7/31/2020,82,70,76
8/1/2020,88,71.1,79.55
8/2/2020,89.1,77,83.05
8/3/2020,88,70,79
8/4/2020,79,70,74.5
8/5/2020,86,73,79.5
8/6/2020,82,71.1,76.55
8/7/2020,81,66,73.5
8/8/2020,82.9,68,75.45
8/9/2020,87.1,72,79.55
8/10/2020,91.9,75.9,83.9
8/11/2020,88,78.1,83.05
8/12/2020,90,72,81
8/13/2020,79,72,75.5
8/14/2020,86,73,79.5
8/15/2020,84,71.1,77.55
8/16/2020,72,66.9,69.45
8/17/2020,81,64,72.5
8/18/2020,82,63,72.5
8/19/2020,75,66,70.5
8/20/2020,80.1,62.1,71.1
8/21/2020,82.9,68,75.45
8/22/2020,88,73,80.5
8/23/2020,86,73.9,79.95
8/24/2020,90,75,82.5
8/25/2020,89.1,71.1,80.1
8/26/2020,77,66.9,71.95
8/27/2020,90,66,78
8/28/2020,84.9,71.1,78
8/29/2020,81,72,76.5
8/30/2020,79,66.9,72.95
8/31/2020,77,63,70
9/1/2020,77,66,71.5
9/2/2020,79,69.1,74.05
9/3/2020,84.9,70,77.45
9/4/2020,84.9,69.1,77
9/5/2020,80.1,64.9,72.5
9/6/2020,82,66,74
9/7/2020,79,66,72.5
9/8/2020,84,68,76
9/9/2020,81,69.1,75.05
9/10/2020,82,73,77.5
9/11/2020,75.9,64,69.95
9/12/2020,73.9,61,67.45
9/13/2020,73.9,61,67.45
9/14/2020,75,59,67
9/15/2020,66,54,60
9/16/2020,71.1,55.9,63.5
9/17/2020,75,64,69.5
9/18/2020,70,55,62.5
9/19/2020,63,50,56.5
9/20/2020,64.9,50,57.45
9/21/2020,64.9,48.9,56.9
9/22/2020,71.1,48,59.55
9/23/2020,79,57,68
9/24/2020,75,62.1,68.55
9/25/2020,77,62.1,69.55
9/26/2020,73.9,64.9,69.4
9/27/2020,79,66.9,72.95
9/28/2020,77,69.1,73.05
9/29/2020,73.9,66.9,70.4
9/30/2020,71.1,60.1,65.6
10/1/2020,72,60.1,66.05
10/2/2020,64.9,53.1,59
10/3/2020,66,52,59
10/4/2020,66.9,51.1,59
10/5/2020,70,53.1,61.55
10/6/2020,69.1,57,63.05
10/7/2020,73.9,60.1,67
10/8/2020,64,53.1,58.55
10/9/2020,69.1,50,59.55
10/10/2020,71.1,57.9,64.5
10/11/2020,66.9,57,61.95
10/12/2020,57,48.9,52.95
10/13/2020,57.9,53.1,55.5
10/14/2020,66.9,50,58.45
10/15/2020,71.1,57,64.05
10/16/2020,66,46.9,56.45
10/17/2020,59,44.1,51.55
10/18/2020,62.1,46,54.05
10/19/2020,64.9,51.1,58
10/20/2020,71.1,57,64.05
10/21/2020,68,59,63.5
10/22/2020,68,64,66
10/23/2020,69.1,63,66.05
10/24/2020,69.1,48,58.55
10/25/2020,53.1,45,49.05
10/26/2020,59,51.1,55.05
10/27/2020,59,52,55.5
10/28/2020,57,52,54.5
10/29/2020,55.9,46,50.95
10/30/2020,46.9,37,41.95
10/31/2020,46,32,39
11/1/2020,55,43,49
11/2/2020,44.1,37.9,41
11/3/2020,53.1,39.9,46.5
11/4/2020,62.1,39.9,51
11/5/2020,66.9,52,59.45
11/6/2020,70,55.9,62.95
11/7/2020,73.9,55.9,64.9
11/8/2020,75,55.9,65.45
11/9/2020,75,54,64.5
11/10/2020,73.9,60.1,67
11/11/2020,72,64,68
11/12/2020,68,46,57
11/13/2020,50,46.9,48.45
11/14/2020,52,42.1,47.05
11/15/2020,64,41,52.5
11/16/2020,55,44.1,49.55
11/17/2020,50,36,43
11/18/2020,36,30.2,33.1
11/19/2020,48,30.2,39.1
11/20/2020,63,45,54
11/21/2020,64,48.9,56.45
11/22/2020,59,44.1,51.55
11/23/2020,60.1,42.1,51.1
11/24/2020,48,41,44.5
11/25/2020,55.9,45,50.45
11/26/2020,64.9,55,59.95
11/27/2020,63,51.1,57.05
11/28/2020,55.9,44.1,50
11/29/2020,54,41,47.5
11/30/2020,63,50,56.5
12/1/2020,62.1,37,49.55
12/2/2020,43,36,39.5
12/3/2020,50,35.1,42.55
12/4/2020,52,44.1,48.05
12/5/2020,46.9,39,42.95
12/6/2020,39.9,33.1,36.5
12/7/2020,39.9,32,35.95
12/8/2020,36,30.2,33.1
12/9/2020,37.9,31.1,34.5
12/10/2020,48.9,36,42.45
12/11/2020,57,39,48
12/12/2020,57.9,46,51.95
12/13/2020,62.1,46.9,54.5
12/14/2020,46.9,35.1,41
12/15/2020,39,30.2,34.6
12/16/2020,31.1,24.3,27.7
12/17/2020,33.1,24.3,28.7
12/18/2020,32,24.3,28.15
12/19/2020,32,20.1,26.05
12/20/2020,39.9,31.1,35.5
12/21/2020,46,37,41.5
12/22/2020,46,37.9,41.95
12/23/2020,45,36,40.5
12/24/2020,59,43,51
12/25/2020,61,29.1,45.05
12/26/2020,32,24.3,28.15
12/27/2020,37,24.3,30.65
12/28/2020,50,35.1,42.55
12/29/2020,43,30.2,36.6
12/30/2020,43,28.2,35.6
12/31/2020,48,36,42
1/1/2021,39.9,33.1,36.5
1/2/2021,51.1,36,43.55
1/3/2021,37.9,34,35.95
1/4/2021,43,35.1,39.05
1/5/2021,42.1,36,39.05
1/6/2021,41,34,37.5
1/7/2021,41,30.2,35.6
1/8/2021,37,27.1,32.05
1/9/2021,37,24.3,30.65
1/10/2021,41,29.1,35.05
1/11/2021,37,28.2,32.6
1/12/2021,44.1,33.1,38.6
1/13/2021,43,35.1,39.05
1/14/2021,48.9,39,43.95
1/15/2021,46,37.9,41.95
1/16/2021,46.9,37,41.95
1/17/2021,44.1,35.1,39.6
1/18/2021,45,37,41
1/19/2021,43,35.1,39.05
1/20/2021,39.9,27.1,33.5
1/21/2021,43,25.2,34.1
1/22/2021,45,36,40.5
1/23/2021,36,24.3,30.15
1/24/2021,32,22.1,27.05
1/25/2021,37,23.2,30.1
1/26/2021,34,31.1,32.55
1/27/2021,37,31.1,34.05
1/28/2021,34,20.1,27.05
1/29/2021,25.2,14.2,19.7
1/30/2021,32,17.2,24.6
1/31/2021,26.2,20.1,23.15
2/1/2021,34,22.1,28.05
2/2/2021,33.1,30.2,31.65
2/3/2021,37,29.1,33.05
2/4/2021,43,31.1,37.05
2/5/2021,46.9,37,41.95
2/6/2021,44.1,34,39.05
2/7/2021,39.9,24.3,32.1
2/8/2021,29.1,17.2,23.15
2/9/2021,33.1,27.1,30.1
2/10/2021,35.1,26.2,30.65
2/11/2021,33.1,26.2,29.65
2/12/2021,30.2,20.1,25.15
2/13/2021,30.2,25.2,27.7
2/14/2021,37.9,27.1,32.5
2/15/2021,36,31.1,33.55
2/16/2021,51.1,34,42.55
2/17/2021,34,22.1,28.05
2/18/2021,30.2,24.3,27.25
2/19/2021,33.1,28.2,30.65
2/20/2021,35.1,26.2,30.65
2/21/2021,37,24.3,30.65
2/22/2021,39,32,35.5
2/23/2021,45,36,40.5
2/24/2021,54,39,46.5
2/25/2021,50,39.9,44.95
2/26/2021,45,33.1,39.05
2/27/2021,50,37.9,43.95
2/28/2021,45,41,43
3/1/2021,48.9,31.1,40
3/2/2021,33.1,21.2,27.15
3/3/2021,52,32,42
3/4/2021,45,27.1,36.05
3/5/2021,37,23.2,30.1
3/6/2021,34,29.1,31.55
3/7/2021,41,29.1,35.05
3/8/2021,43,26.2,34.6
3/9/2021,64,42.1,53.05
3/10/2021,54,41,47.5
3/11/2021,71.1,44.1,57.6
3/12/2021,68,52,60
3/13/2021,52,33.1,42.55
3/14/2021,54,31.1,42.55
3/15/2021,39,24.3,31.65
3/16/2021,37,29.1,33.05
3/17/2021,46.9,34,40.45
3/18/2021,46.9,41,43.95
3/19/2021,43,31.1,37.05
3/20/2021,59,33.1,46.05
3/21/2021,63,42.1,52.55
3/22/2021,62.1,42.1,52.1
3/23/2021,66,43,54.5
3/24/2021,55.9,46.9,51.4
3/25/2021,68,48.9,58.45
3/26/2021,82,52,67
3/27/2021,69.1,50,59.55
3/28/2021,60.1,48,54.05
3/29/2021,55,45,50
3/30/2021,61,42.1,51.55
3/31/2021,66.9,50,58.45
4/1/2021,57.9,37.9,47.9
4/2/2021,39,28.2,33.6
4/3/2021,53.1,32,42.55
4/4/2021,64.9,45,54.95
4/5/2021,68,48,58
4/6/2021,70,46.9,58.45
4/7/2021,72,51.1,61.55
4/8/2021,70,48.9,59.45
4/9/2021,59,48.9,53.95
4/10/2021,70,51.1,60.55
4/11/2021,57,46.9,51.95
4/12/2021,51.1,45,48.05
4/13/2021,64.9,44.1,54.5
4/14/2021,72,48,60
4/15/2021,57.9,45,51.45
4/16/2021,53.1,41,47.05
4/17/2021,55.9,43,49.45
4/18/2021,64,48.9,56.45
4/19/2021,64.9,52,58.45
4/20/2021,75.9,53.1,64.5
4/21/2021,68,39,53.5
4/22/2021,48,36,42
4/23/2021,64,39,51.5
4/24/2021,72,52,62
4/25/2021,63,48.9,55.95
4/26/2021,60.1,41,50.55
4/27/2021,64,46,55
4/28/2021,84.9,52,68.45
4/29/2021,75,59,67
4/30/2021,71.1,46,58.55
5/1/2021,64.9,42.1,53.5
5/2/2021,82,55.9,68.95
5/3/2021,66,52,59
5/4/2021,73,52,62.5
5/5/2021,62.1,52,57.05
5/6/2021,66,50,58
5/7/2021,66,48.9,57.45
5/8/2021,55,48,51.5
5/9/2021,64.9,46,55.45
5/10/2021,60.1,46.9,53.5
5/11/2021,66.9,48.9,57.9
5/12/2021,68,46,57
5/13/2021,72,50,61
5/14/2021,75.9,52,63.95
5/15/2021,79,55,67
5/16/2021,75,59,67
5/17/2021,78.1,55.9,67
5/18/2021,82,60.1,71.05
5/19/2021,86,64.9,75.45
5/20/2021,75.9,59,67.45
5/21/2021,79,57.9,68.45
5/22/2021,89.1,64.9,77
5/23/2021,88,68,78
5/24/2021,68,59,63.5
5/25/2021,73,57.9,65.45
5/26/2021,86,64.9,75.45
5/27/2021,81,64.9,72.95
5/28/2021,69.1,48.9,59
5/29/2021,51.1,46.9,49
5/30/2021,51.1,46.9,49
5/31/2021,70,48.9,59.45
6/1/2021,75.9,57,66.45
6/2/2021,75,62.1,68.55
6/3/2021,73.9,60.1,67
6/4/2021,78.1,63,70.55
6/5/2021,89.1,66,77.55
6/6/2021,91.9,75.9,83.9
6/7/2021,91,75.9,83.45
6/8/2021,90,72,81
6/9/2021,90,72,81
6/10/2021,84,64.9,74.45
6/11/2021,69.1,62.1,65.6
6/12/2021,69.1,62.1,65.6
6/13/2021,75.9,62.1,69
6/14/2021,73,64,68.5
6/15/2021,80.1,66,73.05
6/16/2021,77,62.1,69.55
6/17/2021,78.1,57,67.55
6/18/2021,84,63,73.5
6/19/2021,88,64.9,76.45
6/20/2021,86,66,76
6/21/2021,86,75,80.5
6/22/2021,78.1,59,68.55
6/23/2021,75.9,55,65.45
6/24/2021,77,61,69
6/25/2021,81,64,72.5
6/26/2021,82.9,68,75.45
6/27/2021,90,73,81.5
6/28/2021,91.9,75.9,83.9
6/29/2021,95,78.1,86.55
6/30/2021,98.1,73,85.55
7/1/2021,84,72,78
7/2/2021,79,62.1,70.55
7/3/2021,66,59,62.5
7/4/2021,79,60.1,69.55
7/5/2021,82.9,66.9,74.9
7/6/2021,91.9,71.1,81.5
7/7/2021,91,71.1,81.05
7/8/2021,84,71.1,77.55
7/9/2021,84.9,70,77.45
7/10/2021,81,68,74.5
7/11/2021,78.1,70,74.05
7/12/2021,86,72,79
7/13/2021,72,69.1,70.55
7/14/2021,87.1,69.1,78.1
7/15/2021,89.1,73.9,81.5
7/16/2021,91,79,85
7/17/2021,91,73,82
7/18/2021,84,72,78
7/19/2021,81,71.1,76.05
7/20/2021,86,73,79.5
7/21/2021,80.1,70,75.05
7/22/2021,81,66.9,73.95
7/23/2021,82.9,66.9,74.9
7/24/2021,84,66.9,75.45
7/25/2021,82.9,66,74.45
7/26/2021,88,72,80
7/27/2021,89.1,73,81.05
7/28/2021,81,69.1,75.05
7/29/2021,77,69.1,73.05
7/30/2021,82,66.9,74.45
7/31/2021,77,60.1,68.55
8/1/2021,77,66,71.5
8/2/2021,80.1,63,71.55
8/3/2021,79,64.9,71.95
8/4/2021,75.9,66.9,71.4
8/5/2021,81,69.1,75.05
8/6/2021,88,70,79
8/7/2021,87.1,73,80.05
8/8/2021,77,66,71.5
8/9/2021,81,69.1,75.05
8/10/2021,84,71.1,77.55
8/11/2021,89.1,73,81.05
8/12/2021,93,73.9,83.45
8/13/2021,93.9,78.1,86
8/14/2021,88,75.9,81.95
8/15/2021,82.9,70,76.45
8/16/2021,82.9,69.1,76
8/17/2021,81,73,77
8/18/2021,82.9,73.9,78.4
8/19/2021,84.9,75,79.95
8/20/2021,82,75,78.5
8/21/2021,82,73,77.5
8/22/2021,75.9,70,72.95
8/23/2021,82.9,71.1,77
8/24/2021,89.1,72,80.55
8/25/2021,91,72,81.5
8/26/2021,91,78.1,84.55
8/27/2021,93,75,84
8/28/2021,80.1,68,74.05
8/29/2021,75.9,66.9,71.4
8/30/2021,84.9,73,78.95
8/31/2021,82.9,73,77.95
9/1/2021,78.1,63,70.55
9/2/2021,77,61,69
9/3/2021,73.9,59,66.45
9/4/2021,79,61,70
9/5/2021,73.9,66.9,70.4
9/6/2021,81,69.1,75.05
9/7/2021,79,64.9,71.95
9/8/2021,82,70,76
9/9/2021,75.9,68,71.95
9/10/2021,73.9,63,68.45
9/11/2021,75.9,60.1,68
9/12/2021,81,66,73.5
9/13/2021,82.9,66.9,74.9
9/14/2021,80.1,66.9,73.5
9/15/2021,84.9,71.1,78
9/16/2021,75.9,71.1,73.5
9/17/2021,75,69.1,72.05
9/18/2021,84,69.1,76.55
9/19/2021,75.9,64,69.95
9/20/2021,75,63,69
9/21/2021,75.9,63,69.45
9/22/2021,79,72,75.5
9/23/2021,79,64,71.5
9/24/2021,72,57,64.5
9/25/2021,75,57,66
9/26/2021,71.1,61,66.05
9/27/2021,78.1,62.1,70.1
9/28/2021,71.1,61,66.05
9/29/2021,68,54,61
9/30/2021,64.9,55,59.95
10/1/2021,66.9,51.1,59
10/2/2021,73.9,57,65.45
10/3/2021,77,61,69
10/4/2021,73,62.1,67.55
10/5/2021,64.9,60.1,62.5
10/6/2021,69.1,61,65.05
10/7/2021,73,62.1,67.55
10/8/2021,75.9,61,68.45
10/9/2021,66.9,60.1,63.5
10/10/2021,66,61,63.5
10/11/2021,71.1,61,66.05
10/12/2021,69.1,61,65.05
10/13/2021,69.1,61,65.05
10/14/2021,75.9,62.1,69
10/15/2021,79,63,71
10/16/2021,75.9,55.9,65.9
10/17/2021,61,51.1,56.05
10/18/2021,57.9,48.9,53.4
10/19/2021,66,46.9,56.45
10/20/2021,75,55.9,65.45
10/21/2021,73,59,66
10/22/2021,69.1,57,63.05
10/23/2021,59,48,53.5
10/24/2021,59,46.9,52.95
10/25/2021,73,55,64
10/26/2021,63,54,58.5
10/27/2021,61,53.1,57.05
10/28/2021,57,48.9,52.95
10/29/2021,55.9,46.9,51.4
10/30/2021,64,53.1,58.55
10/31/2021,63,55,59
11/1/2021,57.9,50,53.95
11/2/2021,53.1,44.1,48.6
11/3/2021,51.1,41,46.05
11/4/2021,50,39,44.5
11/5/2021,51.1,39,45.05
11/6/2021,52,39.9,45.95
11/7/2021,53.1,39.9,46.5
11/8/2021,63,44.1,53.55
11/9/2021,68,50,59
11/10/2021,64,48.9,56.45
11/11/2021,61,45,53
11/12/2021,64.9,51.1,58
11/13/2021,62.1,39.9,51
11/14/2021,48,37.9,42.95
11/15/2021,46.9,39,42.95
11/16/2021,48.9,36,42.45

