date,avtemp
12/8/2015,60
12/9/2015,61
12/10/2015,62
12/11/2015,55
12/12/2015,54
12/13/2015,54
12/14/2015,54
12/15/2015,51
12/16/2015,53
12/17/2015,54
12/18/2015,51
12/19/2015,51
12/20/2015,51
12/21/2015,53
12/22/2015,51
12/23/2015,51
12/24/2015,50
12/25/2015,49
12/26/2015,51
12/27/2015,54
12/28/2015,55
12/29/2015,56
12/30/2015,56
12/31/2015,56
1/1/2016,53
1/2/2016,53
1/3/2016,55
1/4/2016,58
1/5/2016,59
1/6/2016,59
1/7/2016,59
1/8/2016,59
1/9/2016,53
1/10/2016,54
1/11/2016,55
1/12/2016,56
1/13/2016,55
1/14/2016,54
1/15/2016,52
1/16/2016,51
1/17/2016,49
1/18/2016,50
1/19/2016,47
1/20/2016,47
1/21/2016,47
1/22/2016,44
1/23/2016,41
1/24/2016,42
1/25/2016,44
1/26/2016,51
1/27/2016,56
1/28/2016,58
1/29/2016,56
1/30/2016,61
1/31/2016,56
2/1/2016,55
2/2/2016,55
2/3/2016,58
2/4/2016,57
2/5/2016,60
2/6/2016,59
2/7/2016,59
2/8/2016,56
2/9/2016,58
2/10/2016,60
2/11/2016,56
2/12/2016,55
2/13/2016,56
2/14/2016,56
2/15/2016,56
2/16/2016,56
2/17/2016,59
2/18/2016,65
2/19/2016,66
2/20/2016,64
2/21/2016,63
2/22/2016,63
2/23/2016,63
2/24/2016,65
2/25/2016,65
2/26/2016,65
2/27/2016,66
2/28/2016,67
2/29/2016,67
3/1/2016,65
3/2/2016,68
3/3/2016,69
3/4/2016,70
3/5/2016,67
3/6/2016,67
3/7/2016,69
3/8/2016,68
3/9/2016,67
3/10/2016,70
3/11/2016,65
3/12/2016,60
3/13/2016,58
3/14/2016,62
3/15/2016,65
3/16/2016,66
3/17/2016,62
3/18/2016,72
3/19/2016,69
3/20/2016,68
3/21/2016,66
3/22/2016,67
3/23/2016,67
3/24/2016,72
3/25/2016,69
3/26/2016,70
3/27/2016,70
3/28/2016,71
3/29/2016,74
3/30/2016,75
3/31/2016,75
4/1/2016,78
4/2/2016,82
4/3/2016,80
4/4/2016,78
4/5/2016,75
4/6/2016,69
4/7/2016,75
4/8/2016,76
4/9/2016,70
4/10/2016,75
4/11/2016,73
4/12/2016,76
4/13/2016,78
4/14/2016,81
4/15/2016,82
4/16/2016,86
4/17/2016,84
4/18/2016,86
4/19/2016,78
4/20/2016,81
4/21/2016,83
4/22/2016,80
4/23/2016,80
4/24/2016,80
4/25/2016,80
4/26/2016,85
4/27/2016,88
4/28/2016,85
4/29/2016,87
4/30/2016,87
5/1/2016,89
5/2/2016,92
5/3/2016,85
5/4/2016,79
5/5/2016,83
5/6/2016,83
5/7/2016,86
5/8/2016,91
5/9/2016,91
5/10/2016,90
5/11/2016,83
5/12/2016,87
5/13/2016,89
5/14/2016,90
5/15/2016,88
5/16/2016,91
5/17/2016,93
5/18/2016,93
5/19/2016,94
5/20/2016,95
5/21/2016,94
5/22/2016,93
5/23/2016,86
5/24/2016,79
5/25/2016,85
5/26/2016,86
5/27/2016,92
5/28/2016,88
5/29/2016,89
5/30/2016,85
5/31/2016,89
6/1/2016,93
6/2/2016,93
6/3/2016,93
6/4/2016,95
6/5/2016,93
6/6/2016,94
6/7/2016,92
6/8/2016,91
6/9/2016,89
6/10/2016,86
6/11/2016,85
6/12/2016,91
6/13/2016,92
6/14/2016,94
6/15/2016,87
6/16/2016,89
6/17/2016,88
6/18/2016,90
6/19/2016,92
6/20/2016,87
6/21/2016,81
6/22/2016,79
6/23/2016,86
6/24/2016,89
6/25/2016,91
6/26/2016,87
6/27/2016,88
6/28/2016,87
6/29/2016,90
6/30/2016,93
7/1/2016,85
7/2/2016,81
7/3/2016,81
7/4/2016,85
7/5/2016,86
7/6/2016,84
7/7/2016,86
7/8/2016,89
7/9/2016,82
7/10/2016,87
7/11/2016,90
7/12/2016,87
7/13/2016,88
7/14/2016,85
7/15/2016,84
7/16/2016,83
7/17/2016,82
7/18/2016,79
7/19/2016,84
7/20/2016,87
7/21/2016,88
7/22/2016,84
7/23/2016,83
7/24/2016,85
7/25/2016,81
7/26/2016,86
7/27/2016,77
7/28/2016,81
7/29/2016,84
7/30/2016,81
7/31/2016,83
8/1/2016,83
8/2/2016,80
8/3/2016,85
8/4/2016,88
8/5/2016,90
8/6/2016,80
8/7/2016,76
8/8/2016,84
8/9/2016,83
8/10/2016,79
8/11/2016,81
8/12/2016,83
8/13/2016,84
8/14/2016,83
8/15/2016,81
8/16/2016,84
8/17/2016,83
8/18/2016,84
8/19/2016,85
8/20/2016,84
8/21/2016,84
8/22/2016,82
8/23/2016,84
8/24/2016,81
8/25/2016,78
8/26/2016,84
8/27/2016,79
8/28/2016,82
8/29/2016,81
8/30/2016,82
8/31/2016,82
9/1/2016,81
9/2/2016,80
9/3/2016,82
9/4/2016,83
9/5/2016,81
9/6/2016,82
9/7/2016,83
9/8/2016,85
9/9/2016,85
9/10/2016,84
9/11/2016,81
9/12/2016,79
9/13/2016,83
9/14/2016,77
9/15/2016,81
9/16/2016,83
9/17/2016,85
9/18/2016,83
9/19/2016,84
9/20/2016,85
9/21/2016,82
9/22/2016,79
9/23/2016,78
9/24/2016,81
9/25/2016,82
9/26/2016,81
9/27/2016,80
9/28/2016,81
9/29/2016,82
9/30/2016,83
10/1/2016,84
10/2/2016,84
10/3/2016,83
10/4/2016,83
10/5/2016,76
10/6/2016,77
10/7/2016,78
10/8/2016,80
10/9/2016,76
10/10/2016,76
10/11/2016,76
10/12/2016,77
10/13/2016,75
10/14/2016,75
10/15/2016,74
10/16/2016,74
10/17/2016,74
10/18/2016,74
10/19/2016,75
10/20/2016,75
10/21/2016,74
10/22/2016,72
10/23/2016,69
10/24/2016,72
10/25/2016,72
10/26/2016,71
10/27/2016,70
10/28/2016,69
10/29/2016,71
10/30/2016,67
10/31/2016,68
11/1/2016,67
11/2/2016,67
11/3/2016,67
11/4/2016,67
11/5/2016,66
11/6/2016,66
11/7/2016,64
11/8/2016,63
11/9/2016,67
11/10/2016,64
11/11/2016,66
11/12/2016,64
11/13/2016,65
11/14/2016,62
11/15/2016,61
11/16/2016,60
11/17/2016,60
11/18/2016,60
11/19/2016,61
11/20/2016,63
11/21/2016,64
11/22/2016,64
11/23/2016,62
11/24/2016,62
11/25/2016,63
11/26/2016,64
11/27/2016,62
11/28/2016,60
11/29/2016,61
11/30/2016,63
12/1/2016,61
12/2/2016,60
12/3/2016,59
12/4/2016,59
12/5/2016,58
12/6/2016,58
12/7/2016,58
12/8/2016,58
12/9/2016,59
12/10/2016,65
12/11/2016,64
12/12/2016,59
12/13/2016,54
12/14/2016,54
12/15/2016,53
12/16/2016,52
12/17/2016,53
12/18/2016,52
12/19/2016,55
12/20/2016,55
12/21/2016,56
12/22/2016,55
12/23/2016,58
12/24/2016,60
12/25/2016,59
12/26/2016,54
12/27/2016,54
12/28/2016,53
12/29/2016,56
12/30/2016,56
12/31/2016,59
1/1/2017,60
1/2/2017,59
1/3/2017,59
1/4/2017,60
1/5/2017,61
1/6/2017,53
1/7/2017,50
1/8/2017,51
1/9/2017,49
1/10/2017,48
1/11/2017,48
1/12/2017,49
1/13/2017,49
1/14/2017,52
1/15/2017,59
1/16/2017,49
1/17/2017,50
1/18/2017,48
1/19/2017,51
1/20/2017,53
1/21/2017,53
1/22/2017,56
1/23/2017,58
1/24/2017,57
1/25/2017,57
1/26/2017,55
1/27/2017,55
1/28/2017,56
1/29/2017,56
1/30/2017,56
1/31/2017,57
2/1/2017,56
2/2/2017,57
2/3/2017,56
2/4/2017,62
2/5/2017,56
2/6/2017,56
2/7/2017,57
2/8/2017,56
2/9/2017,56
2/10/2017,56
2/11/2017,56
2/12/2017,59
2/13/2017,59
2/14/2017,58
2/15/2017,63
2/16/2017,66
2/17/2017,68
2/18/2017,67
2/19/2017,69
2/20/2017,64
2/21/2017,62
2/22/2017,62
2/23/2017,58
2/24/2017,60
2/25/2017,60
2/26/2017,62
2/27/2017,62
2/28/2017,65
3/1/2017,64
3/2/2017,64
3/3/2017,62
3/4/2017,64
3/5/2017,62
3/6/2017,62
3/7/2017,60
3/8/2017,60
3/9/2017,57
3/10/2017,54
3/11/2017,55
3/12/2017,56
3/13/2017,58
3/14/2017,62
3/15/2017,61
3/16/2017,62
3/17/2017,63
3/18/2017,65
3/19/2017,68
3/20/2017,71
3/21/2017,72
3/22/2017,76
3/23/2017,74
3/24/2017,73
3/25/2017,73
3/26/2017,74
3/27/2017,79
3/28/2017,81
3/29/2017,79
3/30/2017,78
3/31/2017,80
4/1/2017,78
4/2/2017,79
4/3/2017,78
4/4/2017,78
4/5/2017,75
4/6/2017,67
4/7/2017,70
4/8/2017,69
4/9/2017,68
4/10/2017,72
4/11/2017,75
4/12/2017,78
4/13/2017,78
4/14/2017,81
4/15/2017,83
4/16/2017,85
4/17/2017,87
4/18/2017,89
4/22/2017,78
4/23/2017,78
4/24/2017,80
4/25/2017,77
4/26/2017,83
4/27/2017,83
4/28/2017,86
4/29/2017,79
4/30/2017,81
5/1/2017,82
5/2/2017,86
5/3/2017,82
5/4/2017,83
5/5/2017,85
5/6/2017,88
5/7/2017,90
5/8/2017,92
5/9/2017,87
5/10/2017,88
5/11/2017,84
5/12/2017,89
5/13/2017,92
5/14/2017,91
5/15/2017,92
5/16/2017,79
5/17/2017,83
5/18/2017,88
5/19/2017,90
5/20/2017,88
5/21/2017,79
5/22/2017,82
5/23/2017,87
5/24/2017,90
5/25/2017,92
5/26/2017,94
5/27/2017,92
5/28/2017,89
5/29/2017,86
5/30/2017,86
5/31/2017,80
6/1/2017,85
6/2/2017,90
6/3/2017,93
6/4/2017,98
6/5/2017,99
6/6/2017,93
6/7/2017,83
6/8/2017,83
6/9/2017,84
6/10/2017,84
6/11/2017,83
6/12/2017,87
6/13/2017,88
6/14/2017,90
6/15/2017,86
6/16/2017,91
6/17/2017,87
6/18/2017,90
6/19/2017,79
6/20/2017,83
6/21/2017,71
6/22/2017,81
6/23/2017,85
6/24/2017,88
6/25/2017,91
6/26/2017,90
6/27/2017,89
6/28/2017,80
6/29/2017,75
6/30/2017,80
7/1/2017,87
7/2/2017,87
7/3/2017,86
7/4/2017,83
7/5/2017,87
7/6/2017,84
7/7/2017,85
7/8/2017,87
7/9/2017,89
7/10/2017,86
7/11/2017,82
7/12/2017,78
7/13/2017,83
7/14/2017,87
7/15/2017,86
7/16/2017,83
7/17/2017,84
7/18/2017,79
7/19/2017,86
7/20/2017,86
7/21/2017,86
7/22/2017,84
7/23/2017,87
7/24/2017,82
7/25/2017,83
7/26/2017,82
7/27/2017,85
7/28/2017,83
7/29/2017,80
7/30/2017,83
7/31/2017,81
8/1/2017,81
8/2/2017,81
8/3/2017,85
8/4/2017,86
8/5/2017,83
8/6/2017,85
8/7/2017,86
8/8/2017,84
8/9/2017,85
8/10/2017,84
8/11/2017,85
8/12/2017,87
8/13/2017,83
8/14/2017,81
8/15/2017,84
8/16/2017,85
8/17/2017,85
8/18/2017,87
8/19/2017,84
8/20/2017,82
8/21/2017,84
8/22/2017,84
8/23/2017,85
8/24/2017,82
8/25/2017,79
8/26/2017,78
8/27/2017,84
8/28/2017,84
8/29/2017,80
8/30/2017,78
8/31/2017,83
9/1/2017,79
9/2/2017,78
9/3/2017,83
9/4/2017,78
9/5/2017,81
9/6/2017,80
9/7/2017,81
9/8/2017,82
9/9/2017,84
9/10/2017,81
9/11/2017,82
9/12/2017,82
9/13/2017,83
9/14/2017,81
9/15/2017,81
9/16/2017,81
9/17/2017,80
9/18/2017,81
9/19/2017,81
9/20/2017,82
9/21/2017,82
9/22/2017,83
9/23/2017,80
9/24/2017,79
9/25/2017,81
9/26/2017,83
9/27/2017,82
9/28/2017,83
9/29/2017,82
9/30/2017,82
10/1/2017,83
10/2/2017,80
10/3/2017,81
10/4/2017,80
10/5/2017,80
10/6/2017,79
10/7/2017,80
10/8/2017,79
10/9/2017,80
10/10/2017,79
10/11/2017,79
10/12/2017,78
10/13/2017,79
10/14/2017,77
10/15/2017,75
10/16/2017,75
10/17/2017,74
10/18/2017,75
10/19/2017,75
10/20/2017,74
10/21/2017,77
10/22/2017,75
10/23/2017,74
10/24/2017,71
10/25/2017,72
10/26/2017,73
10/27/2017,70
10/28/2017,70
10/29/2017,68
10/30/2017,69
10/31/2017,68
11/1/2017,68
11/2/2017,67
11/3/2017,67
11/4/2017,70
11/5/2017,67
11/6/2017,66
11/7/2017,64
11/8/2017,66
11/9/2017,66
11/10/2017,66
11/11/2017,66
11/12/2017,64
11/13/2017,62
11/14/2017,65
11/15/2017,62
11/16/2017,61
11/17/2017,57
11/18/2017,59
11/19/2017,58
11/20/2017,59
11/21/2017,59
11/22/2017,60
11/23/2017,56
11/24/2017,60
11/25/2017,58
11/26/2017,55
11/27/2017,59
11/28/2017,60
11/29/2017,60
11/30/2017,58
12/1/2017,58
12/2/2017,61
12/3/2017,58
12/4/2017,58
12/5/2017,57
12/6/2017,56
12/7/2017,56
12/8/2017,58
12/9/2017,59
12/10/2017,61
12/11/2017,56
12/12/2017,56
12/13/2017,56
12/14/2017,51
12/15/2017,49
12/16/2017,50
12/17/2017,55
12/18/2017,60
12/19/2017,61
12/20/2017,69
12/21/2017,63
12/22/2017,59
12/23/2017,53
12/24/2017,54
12/25/2017,55
12/26/2017,55
12/27/2017,57
12/28/2017,56
12/29/2017,58
12/30/2017,59
12/31/2017,55
1/1/2018,54
1/2/2018,54
1/3/2018,47
1/4/2018,50
1/5/2018,54
1/6/2018,53
1/7/2018,49
1/8/2018,51
1/9/2018,54
1/10/2018,55
1/11/2018,54
1/12/2018,54
1/13/2018,55
1/14/2018,54
1/15/2018,54
1/16/2018,54
1/17/2018,58
1/18/2018,58
1/19/2018,57
1/20/2018,55
1/21/2018,57
1/22/2018,56
1/23/2018,50
1/24/2018,52
1/25/2018,52
1/26/2018,52
1/27/2018,52
1/28/2018,48
1/29/2018,54
1/30/2018,59
1/31/2018,57
2/1/2018,60
2/2/2018,57
2/3/2018,58
2/4/2018,56
2/5/2018,54
2/6/2018,54
2/7/2018,55
2/8/2018,54
2/9/2018,55
2/10/2018,57
2/11/2018,64
2/12/2018,53
2/13/2018,56
2/14/2018,56
2/15/2018,58
2/16/2018,60
2/17/2018,60
2/18/2018,60
2/19/2018,61
2/20/2018,63
2/21/2018,66
2/22/2018,65
2/23/2018,69
2/24/2018,63
2/25/2018,63
2/26/2018,64
2/27/2018,66
2/28/2018,65
3/1/2018,66
3/2/2018,70
3/3/2018,64
3/4/2018,65
3/5/2018,65
3/6/2018,64
3/7/2018,66
3/8/2018,68
3/9/2018,69
3/10/2018,69
3/11/2018,69
3/12/2018,71
3/13/2018,74
3/14/2018,75
3/15/2018,69
3/16/2018,71
3/17/2018,67
3/18/2018,70
3/19/2018,73
3/20/2018,70
3/21/2018,64
3/22/2018,70
3/23/2018,72
3/24/2018,74
3/25/2018,74
3/26/2018,75
3/27/2018,75
3/28/2018,79
3/29/2018,77
3/30/2018,78
3/31/2018,79
4/1/2018,78
4/2/2018,78
4/3/2018,80
4/4/2018,81
4/5/2018,79
4/6/2018,81
4/7/2018,81
4/8/2018,78
4/9/2018,77
4/10/2018,75
4/11/2018,72
4/12/2018,73
4/13/2018,78
4/14/2018,77
4/15/2018,82
4/16/2018,76
4/17/2018,76
4/18/2018,80
4/19/2018,84
4/20/2018,65
4/21/2018,73
4/22/2018,74
4/23/2018,78
4/24/2018,83
4/25/2018,87
4/26/2018,87
4/27/2018,88
4/28/2018,87
4/29/2018,85
4/30/2018,89
5/1/2018,91
5/2/2018,83
5/3/2018,85
5/4/2018,85
5/5/2018,86
5/6/2018,77
5/7/2018,79
5/8/2018,78
5/9/2018,81
5/10/2018,83
5/11/2018,90
5/12/2018,87
5/13/2018,87
5/14/2018,84
5/15/2018,85
5/16/2018,84
5/17/2018,86
5/18/2018,92
5/19/2018,86
5/20/2018,87
5/21/2018,87
5/22/2018,91
5/23/2018,90
5/24/2018,88
5/25/2018,91
5/26/2018,95
5/27/2018,94
5/28/2018,95
5/29/2018,98
5/30/2018,97
5/31/2018,95
6/1/2018,93
6/2/2018,92
6/3/2018,93
6/4/2018,96
6/5/2018,89
6/6/2018,89
6/7/2018,93
6/8/2018,98
6/9/2018,85
6/10/2018,88
6/11/2018,93
6/12/2018,96
6/13/2018,96
6/14/2018,94
6/15/2018,91
6/16/2018,86
6/17/2018,85
6/18/2018,85
6/19/2018,89
6/20/2018,91
6/21/2018,93
6/22/2018,92
6/23/2018,90
6/24/2018,93
6/25/2018,94
6/26/2018,94
6/27/2018,85
6/28/2018,79
6/29/2018,75
6/30/2018,83
7/1/2018,88
7/2/2018,86
7/3/2018,81
7/4/2018,77
7/5/2018,85
7/6/2018,86
7/7/2018,89
7/8/2018,91
7/9/2018,93
7/10/2018,86
7/11/2018,81
7/12/2018,85
7/13/2018,82
7/14/2018,87
7/15/2018,86
7/16/2018,83
7/17/2018,84
7/18/2018,87
7/19/2018,84
7/20/2018,85
7/21/2018,85
7/22/2018,82
7/23/2018,83
7/24/2018,82
7/25/2018,84
7/26/2018,82
7/27/2018,84
7/28/2018,81
7/29/2018,83
7/30/2018,85
7/31/2018,86
8/1/2018,83
8/2/2018,85
8/3/2018,87
8/4/2018,87
8/5/2018,86
8/6/2018,79
8/7/2018,77
8/8/2018,82
8/9/2018,84
8/10/2018,84
8/11/2018,83
8/12/2018,82
8/13/2018,80
8/14/2018,78
8/15/2018,85
8/16/2018,85
8/17/2018,85
8/18/2018,83
8/19/2018,86
8/20/2018,87
8/21/2018,80
8/22/2018,85
8/23/2018,83
8/24/2018,83
8/25/2018,83
8/26/2018,81
8/27/2018,84
8/28/2018,85
8/29/2018,86
8/30/2018,86
8/31/2018,87
9/1/2018,85
9/2/2018,82
9/3/2018,82
9/4/2018,83
9/5/2018,85
9/6/2018,85
9/7/2018,81
9/8/2018,82
9/9/2018,82
9/10/2018,83
9/11/2018,80
9/12/2018,82
9/13/2018,81
9/14/2018,79
9/15/2018,79
9/16/2018,81
9/18/2018,81
9/19/2018,82
9/20/2018,83
9/21/2018,83
9/22/2018,75
9/23/2018,69
9/24/2018,75
9/25/2018,77
9/26/2018,79
9/27/2018,81
9/28/2018,79
9/29/2018,77
9/30/2018,77
10/1/2018,78
10/2/2018,78
10/3/2018,78
10/4/2018,74
10/5/2018,74
10/6/2018,73
10/7/2018,74
10/8/2018,75
10/9/2018,74
10/10/2018,76
10/11/2018,73
10/12/2018,72
10/13/2018,72
10/14/2018,71
10/15/2018,71
10/16/2018,73
10/17/2018,75
10/18/2018,73
10/19/2018,73
10/20/2018,70
10/21/2018,71
10/22/2018,70
10/23/2018,62
10/24/2018,69
10/25/2018,70
10/26/2018,69
10/27/2018,69
10/28/2018,70
10/29/2018,71
10/30/2018,70
10/31/2018,71
11/1/2018,73
11/2/2018,68
11/3/2018,68
11/4/2018,64
11/5/2018,63
11/6/2018,63
11/7/2018,63
11/8/2018,64
11/9/2018,64
11/10/2018,65
11/11/2018,64
11/12/2018,61
11/13/2018,64
11/14/2018,63
11/15/2018,62
11/16/2018,60
11/17/2018,59
11/18/2018,64
11/19/2018,66
11/20/2018,65
11/21/2018,64
11/22/2018,63
11/23/2018,62
11/24/2018,62
11/25/2018,61
11/26/2018,62
11/27/2018,63
11/28/2018,65
11/29/2018,60
11/30/2018,60
12/1/2018,59
12/2/2018,59
12/3/2018,57
12/4/2018,58
12/5/2018,56
12/6/2018,56
12/7/2018,56
12/8/2018,56
12/9/2018,57
12/10/2018,55
12/11/2018,59
12/12/2018,53
12/13/2018,54
12/14/2018,55
12/15/2018,51
12/16/2018,55
12/17/2018,53
12/18/2018,53
12/19/2018,53
12/20/2018,53
12/21/2018,51
12/22/2018,56
12/23/2018,52
12/24/2018,53
12/25/2018,50
12/26/2018,50
12/27/2018,48
12/28/2018,49
12/29/2018,50
12/30/2018,52
12/31/2018,52
1/1/2019,54
1/2/2019,54
1/3/2019,54
1/4/2019,52
1/5/2019,53
1/6/2019,51
1/7/2019,53
1/8/2019,52
1/9/2019,52
1/10/2019,52
1/11/2019,55
1/12/2019,54
1/13/2019,54
1/14/2019,51
1/15/2019,50
1/16/2019,52
1/17/2019,54
1/18/2019,52
1/19/2019,55
1/20/2019,58
1/21/2019,54
1/22/2019,50
1/23/2019,52
1/24/2019,51
1/25/2019,50
1/26/2019,50
1/27/2019,49
1/28/2019,52
1/29/2019,53
1/30/2019,54
1/31/2019,52
2/1/2019,51
2/2/2019,55
2/3/2019,58
2/4/2019,56
2/5/2019,59
2/6/2019,56
2/7/2019,50
2/8/2019,52
2/9/2019,52
2/10/2019,55
2/11/2019,57
2/12/2019,58
2/13/2019,60
2/14/2019,56
2/15/2019,58
2/16/2019,58
2/17/2019,56
2/18/2019,57
2/19/2019,59
2/20/2019,63
2/21/2019,58
2/22/2019,56
2/23/2019,56
2/24/2019,57
2/25/2019,57
2/26/2019,55
2/27/2019,54
2/28/2019,54
3/1/2019,56
3/2/2019,55
3/3/2019,59
3/4/2019,60
3/5/2019,60
3/6/2019,62
3/7/2019,61
3/8/2019,60
3/9/2019,60
3/10/2019,65
3/11/2019,59
3/12/2019,62
3/13/2019,60
3/14/2019,60
3/15/2019,62
3/16/2019,64
3/17/2019,67
3/18/2019,67
3/19/2019,67
3/20/2019,62
3/21/2019,66
3/22/2019,68
3/23/2019,63
3/24/2019,63
3/25/2019,67
3/26/2019,69
3/27/2019,71
3/28/2019,73
3/29/2019,74
3/30/2019,75
3/31/2019,72
4/1/2019,73
4/2/2019,75
4/3/2019,76
4/4/2019,79
4/5/2019,79
4/6/2019,81
4/7/2019,79
4/8/2019,79
4/9/2019,79
4/10/2019,81
4/11/2019,79
4/12/2019,80
4/13/2019,75
4/14/2019,78
4/15/2019,82
4/16/2019,74
4/17/2019,64
4/18/2019,70
4/19/2019,75
4/20/2019,77
4/21/2019,80
4/22/2019,83
4/23/2019,87
4/24/2019,80
4/25/2019,84
4/26/2019,83
4/27/2019,83
4/28/2019,84
4/29/2019,87
4/30/2019,83
5/1/2019,87
5/2/2019,82
5/3/2019,81
5/4/2019,83
5/5/2019,88
5/6/2019,86
5/7/2019,88
5/8/2019,89
5/9/2019,90
5/10/2019,88
5/11/2019,79
5/12/2019,84
5/13/2019,86
5/14/2019,84
5/15/2019,81
5/16/2019,80
5/17/2019,77
5/18/2019,82
5/19/2019,86
5/20/2019,86
5/21/2019,90
5/22/2019,90
5/23/2019,84
5/24/2019,76
5/25/2019,83
5/26/2019,86
5/27/2019,89
5/28/2019,91
5/29/2019,94
5/30/2019,94
5/31/2019,96
6/1/2019,96
6/2/2019,95
6/3/2019,92
6/4/2019,95
6/5/2019,97
6/6/2019,92
6/7/2019,91
6/8/2019,92
6/9/2019,95
6/10/2019,97
6/11/2019,97
6/12/2019,89
6/13/2019,92
6/14/2019,93
6/15/2019,93
6/16/2019,91
6/17/2019,87
6/18/2019,85
6/19/2019,89
6/20/2019,86
6/21/2019,89
6/22/2019,93
6/23/2019,87
6/24/2019,85
6/25/2019,92
6/26/2019,95
6/27/2019,93
6/28/2019,95
6/29/2019,95
6/30/2019,94
7/1/2019,90
7/2/2019,94
7/3/2019,95
7/4/2019,88
7/5/2019,89
7/6/2019,84
7/7/2019,89
7/8/2019,91
7/9/2019,81
7/10/2019,86
7/11/2019,85
7/12/2019,86
7/13/2019,83
7/14/2019,83
7/15/2019,83
7/16/2019,82
7/17/2019,83
7/18/2019,83
7/19/2019,82
7/20/2019,87
7/21/2019,88
7/22/2019,88
7/23/2019,89
7/24/2019,88
7/25/2019,79
7/26/2019,81
7/27/2019,79
7/28/2019,80
7/29/2019,87
7/30/2019,85
7/31/2019,79
8/1/2019,78
8/2/2019,83
8/3/2019,86
8/4/2019,87
8/5/2019,85
8/6/2019,83
8/7/2019,82
8/8/2019,87
8/9/2019,81
8/10/2019,85
8/11/2019,86
8/12/2019,86
8/13/2019,82
8/14/2019,82
8/15/2019,85
8/16/2019,82
8/17/2019,76
8/18/2019,81
8/19/2019,81
8/20/2019,82
8/21/2019,84
8/22/2019,87
8/23/2019,87
8/24/2019,86
8/25/2019,84
8/26/2019,84
8/27/2019,86
8/28/2019,88
8/29/2019,88
8/30/2019,80
8/31/2019,85
9/1/2019,83
9/2/2019,84
9/3/2019,86
9/4/2019,85
9/5/2019,82
9/6/2019,84
9/7/2019,81
9/8/2019,84
9/9/2019,86
9/10/2019,88
9/11/2019,88
9/12/2019,88
9/13/2019,82
9/14/2019,84
9/15/2019,86
9/16/2019,80
9/17/2019,81
9/18/2019,82
9/19/2019,79
9/20/2019,79
9/21/2019,80
9/22/2019,82
9/23/2019,80
9/24/2019,80
9/25/2019,82
9/26/2019,82
9/27/2019,78
9/28/2019,73
9/29/2019,73
9/30/2019,77
10/1/2019,75
10/2/2019,76
10/3/2019,71
10/4/2019,70
10/5/2019,75
10/6/2019,74
10/7/2019,73
10/8/2019,74
10/9/2019,75
10/10/2019,74
10/11/2019,75
10/12/2019,75
10/13/2019,76
10/14/2019,77
10/15/2019,78
10/16/2019,77
10/17/2019,75
10/18/2019,69
10/19/2019,71
10/20/2019,69
10/21/2019,71
10/22/2019,70
10/23/2019,72
10/24/2019,72
10/25/2019,71
10/26/2019,70
10/27/2019,69
10/28/2019,71
10/29/2019,72
10/30/2019,71
10/31/2019,71
11/1/2019,69
11/2/2019,71
11/3/2019,68
11/4/2019,68
11/5/2019,69
11/6/2019,70
11/7/2019,60
11/8/2019,66
11/9/2019,66
11/10/2019,65
11/11/2019,64
11/12/2019,65
11/13/2019,65
11/14/2019,65
11/15/2019,65
11/16/2019,64
11/17/2019,63
11/18/2019,63
11/19/2019,63
11/20/2019,63
11/21/2019,62
11/22/2019,61
11/23/2019,66
11/24/2019,63
11/25/2019,62
11/26/2019,64
11/27/2019,60
11/28/2019,60
11/29/2019,60
11/30/2019,59
12/1/2019,57
12/2/2019,56
12/3/2019,56
12/4/2019,57
12/5/2019,57
12/6/2019,58
12/7/2019,58
12/8/2019,57
12/9/2019,55
12/10/2019,54
12/11/2019,55
12/12/2019,53
12/13/2019,51
12/14/2019,51
12/15/2019,52
12/16/2019,51
12/17/2019,50
12/18/2019,50
12/19/2019,50
12/20/2019,51
12/21/2019,54
12/22/2019,51
12/23/2019,50
12/24/2019,50
12/25/2019,46
12/26/2019,46
12/27/2019,47
12/28/2019,47
12/29/2019,47
12/30/2019,42
12/31/2019,42
1/1/2020,49
1/2/2020,53
1/3/2020,54
1/4/2020,54
1/5/2020,51
1/6/2020,51
1/7/2020,51
1/8/2020,49
1/9/2020,49
1/10/2020,49
1/11/2020,49
1/12/2020,58
1/13/2020,52
1/14/2020,51
1/15/2020,51
1/16/2020,52
1/17/2020,54
1/18/2020,53
1/19/2020,53
1/20/2020,55
1/21/2020,51
1/22/2020,53
1/23/2020,51
1/24/2020,53
1/25/2020,54
1/26/2020,55
1/27/2020,57
1/28/2020,53
1/29/2020,52
1/30/2020,52
1/31/2020,51
2/1/2020,52
2/2/2020,51
2/3/2020,52
2/4/2020,52
2/5/2020,53
2/6/2020,53
2/7/2020,53
2/8/2020,54
2/9/2020,54
2/10/2020,55
2/11/2020,57
2/12/2020,61
2/13/2020,65
2/14/2020,60
2/15/2020,61
2/16/2020,63
2/17/2020,60
2/18/2020,62
2/19/2020,67
2/20/2020,64
2/21/2020,61
2/22/2020,62
2/23/2020,63
2/24/2020,63
2/25/2020,64
2/26/2020,64
2/27/2020,66
2/28/2020,65
2/29/2020,63
3/1/2020,65
3/2/2020,64
3/3/2020,65
3/4/2020,66
3/5/2020,59
3/6/2020,56
3/7/2020,56
3/8/2020,63
3/9/2020,61
3/10/2020,61
3/11/2020,62
3/12/2020,60
3/13/2020,61
3/14/2020,58
3/15/2020,62
3/16/2020,64
3/17/2020,66
3/18/2020,67
3/19/2020,69
3/20/2020,70
3/21/2020,67
3/22/2020,69
3/23/2020,71
3/24/2020,64
3/25/2020,66
3/26/2020,70
3/27/2020,62
3/28/2020,66
3/29/2020,67
3/30/2020,67
3/31/2020,69
4/1/2020,70
4/2/2020,69
4/3/2020,68
4/4/2020,70
4/5/2020,70
4/6/2020,72
4/7/2020,68
4/8/2020,72
4/9/2020,73
4/10/2020,76
4/11/2020,76
4/12/2020,77
4/13/2020,77
4/14/2020,83
4/15/2020,81
4/16/2020,80
4/17/2020,70
4/18/2020,73
4/19/2020,79
4/20/2020,74
4/21/2020,74
4/22/2020,78
4/23/2020,79
4/24/2020,80
4/25/2020,78
4/26/2020,76
4/27/2020,74
4/28/2020,78
4/29/2020,81
4/30/2020,84
5/1/2020,86
5/2/2020,83
5/3/2020,75
5/4/2020,78
5/5/2020,81
5/6/2020,78
5/7/2020,81
5/8/2020,83
5/9/2020,87
5/10/2020,80
5/11/2020,82
5/12/2020,82
5/13/2020,83
5/14/2020,72
5/15/2020,80
5/16/2020,84
5/17/2020,85
5/18/2020,84
5/19/2020,80
5/20/2020,83
5/21/2020,87
5/22/2020,95
5/23/2020,89
5/24/2020,89
5/25/2020,92
5/26/2020,94
5/27/2020,95
5/28/2020,85
5/29/2020,87
5/30/2020,79
5/31/2020,78
6/1/2020,74
6/2/2020,81
6/3/2020,84
6/4/2020,86
6/5/2020,82
6/6/2020,75
6/7/2020,82
6/8/2020,86
6/9/2020,84
6/10/2020,84
6/11/2020,85
6/12/2020,86
6/13/2020,85
6/14/2020,89
6/15/2020,91
6/16/2020,92
6/17/2020,94
6/18/2020,95
6/19/2020,92
6/20/2020,93
6/21/2020,89
6/22/2020,91
6/23/2020,90
6/24/2020,86
6/25/2020,86
6/26/2020,85
6/27/2020,90
6/28/2020,87
6/29/2020,83
6/30/2020,88
7/1/2020,86
7/2/2020,91
7/3/2020,94
7/4/2020,85
7/5/2020,84
7/6/2020,87
7/7/2020,87
7/8/2020,85
7/9/2020,90
7/10/2020,86
7/11/2020,83
7/12/2020,83
7/13/2020,86
7/14/2020,89
7/15/2020,87
7/16/2020,84
7/17/2020,86
7/18/2020,89
7/19/2020,79
7/20/2020,84
7/21/2020,78
7/22/2020,83
7/23/2020,85
7/24/2020,87
7/25/2020,85
7/26/2020,87
7/27/2020,88
7/28/2020,86
7/29/2020,84
7/30/2020,81
7/31/2020,85
8/1/2020,81
8/2/2020,86
8/3/2020,84
8/4/2020,87
8/5/2020,86
8/6/2020,89
8/7/2020,85
8/8/2020,87
8/9/2020,83
8/10/2020,84
8/11/2020,87
8/12/2020,87
8/13/2020,84
8/14/2020,85
8/15/2020,86
8/16/2020,86
8/17/2020,84
8/18/2020,85
8/19/2020,82
8/20/2020,79
8/21/2020,76
8/22/2020,83
8/23/2020,85
8/24/2020,85
8/25/2020,82
8/26/2020,79
8/27/2020,75
8/28/2020,78
8/29/2020,83
8/30/2020,84
8/31/2020,82
9/1/2020,82
9/2/2020,84
9/3/2020,83
9/4/2020,78
9/5/2020,83
9/6/2020,80
9/7/2020,81
9/8/2020,82
9/9/2020,84
9/10/2020,84
9/11/2020,84
9/12/2020,85
9/13/2020,85
9/14/2020,87
9/15/2020,85
9/16/2020,86
9/17/2020,85
9/18/2020,85
9/19/2020,85
9/20/2020,84
9/21/2020,84
9/22/2020,85
9/23/2020,85
9/24/2020,84
9/25/2020,84
9/26/2020,80
9/27/2020,79
9/28/2020,80
9/29/2020,79
9/30/2020,79
10/1/2020,79
10/2/2020,79
10/3/2020,76
10/4/2020,78
10/5/2020,77
10/6/2020,78
10/7/2020,78
10/8/2020,78
10/9/2020,78
10/10/2020,78
10/11/2020,78
10/12/2020,79
10/13/2020,77
10/14/2020,76
10/15/2020,75
10/16/2020,75
10/17/2020,75
10/18/2020,74
10/19/2020,74
10/20/2020,74
10/21/2020,72
10/22/2020,74
10/23/2020,72
10/24/2020,72
10/25/2020,68
10/26/2020,70
10/27/2020,68
10/28/2020,68
10/29/2020,67
10/30/2020,67
10/31/2020,67
11/1/2020,69
11/2/2020,68
11/3/2020,67
11/4/2020,66
11/5/2020,68
11/6/2020,66
11/7/2020,65
11/8/2020,65
11/9/2020,65
11/10/2020,67
11/11/2020,63
11/12/2020,62
11/13/2020,64
11/14/2020,64
11/15/2020,60
11/16/2020,58
11/17/2020,61
11/18/2020,59
11/19/2020,58
11/20/2020,57
11/21/2020,56
11/22/2020,56
11/23/2020,61
11/24/2020,63
11/25/2020,58
11/26/2020,58
11/27/2020,60
11/28/2020,59
11/29/2020,60
11/30/2020,60
12/1/2020,60
12/2/2020,60
12/3/2020,60
12/4/2020,61
12/5/2020,62
12/6/2020,63
12/7/2020,62
12/8/2020,60
12/9/2020,60
12/10/2020,61
12/11/2020,60
12/12/2020,58
12/13/2020,55
12/14/2020,51
12/15/2020,51
12/16/2020,47
12/17/2020,44
12/18/2020,44
12/19/2020,48
12/20/2020,52
12/21/2020,54
12/22/2020,54
12/23/2020,54
12/24/2020,53
12/25/2020,52
12/26/2020,51
12/27/2020,49
12/28/2020,47
12/29/2020,46
12/30/2020,46
12/31/2020,47
1/1/2021,50
1/2/2021,55
1/3/2021,57
1/4/2021,61
1/5/2021,57
1/6/2021,59
1/7/2021,58
1/8/2021,55
1/9/2021,53
1/10/2021,51
1/11/2021,52
1/12/2021,50
1/13/2021,48
1/14/2021,53
1/15/2021,54
1/16/2021,50
1/17/2021,51
1/18/2021,61
1/19/2021,60
1/20/2021,54
1/21/2021,52
1/22/2021,55
1/23/2021,52
1/24/2021,54
1/25/2021,53
1/26/2021,53
1/27/2021,54
1/28/2021,53
1/29/2021,53
1/30/2021,53
1/31/2021,55
2/1/2021,56
2/2/2021,59
2/3/2021,62
2/4/2021,57
2/5/2021,55
2/6/2021,55
2/7/2021,57
2/8/2021,58
2/9/2021,58
2/10/2021,62
2/13/2021,58
2/14/2021,59
2/15/2021,60
2/16/2021,61
2/17/2021,61
2/18/2021,62
2/19/2021,62
2/21/2021,63
2/22/2021,65
2/23/2021,69
2/24/2021,69
2/25/2021,73
2/26/2021,72
2/27/2021,66
2/28/2021,65
3/1/2021,65
3/2/2021,64
3/3/2021,65
3/4/2021,67
3/5/2021,68
3/6/2021,69
3/7/2021,73
3/8/2021,71
3/9/2021,74
3/10/2021,72
3/11/2021,73
3/12/2021,64
3/13/2021,68
3/14/2021,68
3/15/2021,69
3/16/2021,71
3/17/2021,72
3/18/2021,72
3/19/2021,72
3/20/2021,73
3/21/2021,68
3/22/2021,65
3/23/2021,70
3/24/2021,69
3/25/2021,68
3/26/2021,70
3/27/2021,75
3/28/2021,79
3/29/2021,80
3/30/2021,77
3/31/2021,72
4/1/2021,71
4/2/2021,70
4/3/2021,73
4/4/2021,77
4/5/2021,80
4/6/2021,74
4/7/2021,72
4/8/2021,72
4/9/2021,75
4/10/2021,78
4/11/2021,81
4/12/2021,80
4/13/2021,80
4/14/2021,85
4/15/2021,78
4/16/2021,77
4/17/2021,68
4/18/2021,74
4/19/2021,77
4/20/2021,74
4/21/2021,67
4/22/2021,68
4/23/2021,67
4/24/2021,74
4/25/2021,80
4/26/2021,82
4/27/2021,86
4/28/2021,90
4/29/2021,87
4/30/2021,88
5/1/2021,89
5/2/2021,89
5/3/2021,88
5/4/2021,77
5/5/2021,80
5/6/2021,83
5/7/2021,79
5/8/2021,83
5/9/2021,83
5/10/2021,85
5/11/2021,80
5/12/2021,80
5/13/2021,74
5/14/2021,78
5/15/2021,81
5/16/2021,84
5/17/2021,87
5/18/2021,89
5/19/2021,79
5/20/2021,83
5/21/2021,79
5/22/2021,83
5/23/2021,78
5/24/2021,84
5/25/2021,84
5/26/2021,88
5/27/2021,95
5/28/2021,92
5/29/2021,89
5/30/2021,91
5/31/2021,83
6/1/2021,83
6/2/2021,88
6/3/2021,79
6/4/2021,84
6/5/2021,87
6/6/2021,90
6/7/2021,92
6/8/2021,96
6/9/2021,97
6/10/2021,94
6/11/2021,91
6/12/2021,89
6/13/2021,82
6/14/2021,84
6/15/2021,87
6/16/2021,81
6/17/2021,84
6/18/2021,89
6/19/2021,88
6/20/2021,81
6/21/2021,87
6/22/2021,89
6/23/2021,92
6/24/2021,84
6/25/2021,92
6/26/2021,84
6/27/2021,89
6/28/2021,92
6/29/2021,94
6/30/2021,97
7/1/2021,91
7/2/2021,90
7/3/2021,85
7/4/2021,88
7/5/2021,88
7/6/2021,91
7/7/2021,89
7/8/2021,93
7/9/2021,87
7/10/2021,83
7/11/2021,86
7/12/2021,76
7/13/2021,83
7/14/2021,80
7/15/2021,86
7/16/2021,87
7/17/2021,89
7/18/2021,91
7/19/2021,81
7/20/2021,77
7/21/2021,80
7/22/2021,85
7/23/2021,87
7/24/2021,88
7/25/2021,85
7/26/2021,82
7/27/2021,82
7/28/2021,78
7/29/2021,83
7/30/2021,83
7/31/2021,81
8/1/2021,84
8/2/2021,85
8/3/2021,86
8/4/2021,85
8/5/2021,85
8/6/2021,83
8/7/2021,86
8/8/2021,85
8/9/2021,84
8/10/2021,86
8/11/2021,85
8/12/2021,87
8/13/2021,84
8/14/2021,84
8/15/2021,82
8/16/2021,84
8/17/2021,87
8/18/2021,88
8/19/2021,89
8/20/2021,85
8/21/2021,82
8/22/2021,79
8/23/2021,84
8/24/2021,87
8/25/2021,88
8/26/2021,86
8/27/2021,85
8/28/2021,83
8/29/2021,83
8/30/2021,84
8/31/2021,82
9/1/2021,84
9/2/2021,84
9/3/2021,81
9/4/2021,84
9/5/2021,85
9/6/2021,84
9/7/2021,81
9/8/2021,77
9/9/2021,80
9/10/2021,79
9/11/2021,79
9/12/2021,79
9/13/2021,82
9/14/2021,84
9/15/2021,86
9/16/2021,85
9/17/2021,80
9/18/2021,83
9/19/2021,85
9/20/2021,83
9/21/2021,78
9/22/2021,81
9/23/2021,78
9/24/2021,81
9/25/2021,82
9/26/2021,83
9/27/2021,82
9/28/2021,84
9/29/2021,84
9/30/2021,83
10/1/2021,82
10/2/2021,79
10/3/2021,81
10/4/2021,79
10/5/2021,80
10/6/2021,79
10/7/2021,79
10/8/2021,81
10/9/2021,81
10/10/2021,80
10/11/2021,80
10/12/2021,80
10/13/2021,77
10/14/2021,76
10/15/2021,77
10/16/2021,79
10/17/2021,76
10/18/2021,75
10/19/2021,73
10/20/2021,74
10/21/2021,75
10/22/2021,75
10/23/2021,62
10/24/2021,66
10/25/2021,67
10/26/2021,67
10/27/2021,67
10/28/2021,67
10/29/2021,67
10/30/2021,67
10/31/2021,67
11/1/2021,68
11/2/2021,68
11/3/2021,66
11/4/2021,65
11/5/2021,66
11/6/2021,65
11/7/2021,62
11/8/2021,66
11/9/2021,66
11/10/2021,66
11/11/2021,65
11/12/2021,65
11/13/2021,64
11/14/2021,63
11/15/2021,61
11/16/2021,61
11/17/2021,61
11/18/2021,60
11/19/2021,61
11/20/2021,61
11/21/2021,61
11/22/2021,59
11/23/2021,60
11/24/2021,62
11/25/2021,61
11/26/2021,60
11/27/2021,60
11/28/2021,60
11/29/2021,60
11/30/2021,59
12/1/2021,58
12/2/2021,60
12/3/2021,63
12/4/2021,65
12/5/2021,62
12/6/2021,60
12/7/2021,59
12/8/2021,58
12/9/2021,59
12/10/2021,57
12/11/2021,56
12/12/2021,54
12/13/2021,56
12/14/2021,54
12/15/2021,52
12/16/2021,50
12/17/2021,47
12/18/2021,46
12/19/2021,46
12/20/2021,50
12/21/2021,51
12/22/2021,54
12/23/2021,57
12/24/2021,58
12/25/2021,54
12/26/2021,54
12/27/2021,56
12/28/2021,58
12/29/2021,51
12/30/2021,52
12/31/2021,51
1/1/2022,54
1/2/2022,54
1/3/2022,55
1/4/2022,55
1/5/2022,54
1/6/2022,55
1/7/2022,55
1/8/2022,50
1/9/2022,55
1/10/2022,54
1/11/2022,56
1/12/2022,53
1/13/2022,51
1/14/2022,51
1/15/2022,50
1/16/2022,51
1/17/2022,50
1/18/2022,51
1/19/2022,51
1/20/2022,52
1/21/2022,54
1/22/2022,51
1/23/2022,52
1/24/2022,53
1/25/2022,52
1/26/2022,53
1/27/2022,51
1/28/2022,52
1/29/2022,54
1/30/2022,54
1/31/2022,55
2/1/2022,55
2/2/2022,55
2/3/2022,51
2/4/2022,53
2/5/2022,51
2/6/2022,53
2/7/2022,59
2/8/2022,57
2/9/2022,57
2/10/2022,56
2/11/2022,55
2/12/2022,56
2/13/2022,57
2/14/2022,59
2/15/2022,59
2/16/2022,59
2/17/2022,60
2/18/2022,60
2/19/2022,59
2/20/2022,58
2/21/2022,60
2/22/2022,64
2/23/2022,60
2/24/2022,61
2/25/2022,60
2/26/2022,58
2/27/2022,58
2/28/2022,59
3/1/2022,61
3/2/2022,64
3/3/2022,60
3/4/2022,63
3/5/2022,63
3/6/2022,66
3/7/2022,66
3/8/2022,67
3/9/2022,67
3/10/2022,67
3/11/2022,66
3/12/2022,69
3/13/2022,71
3/14/2022,74
3/15/2022,76
3/16/2022,78
3/17/2022,79
3/18/2022,81
3/19/2022,81
3/20/2022,79
3/21/2022,77
3/22/2022,76
3/23/2022,79
3/24/2022,78
3/25/2022,76
3/26/2022,76
3/27/2022,80
3/28/2022,81
3/29/2022,80
3/30/2022,80
3/31/2022,80
4/1/2022,79
4/2/2022,82
4/3/2022,82
4/4/2022,80
4/5/2022,81
4/6/2022,81
4/7/2022,87
4/8/2022,87
4/9/2022,87
4/10/2022,86
4/11/2022,89
4/13/2022,88
4/14/2022,84
4/15/2022,83
4/16/2022,84
4/17/2022,84
4/18/2022,87
4/19/2022,89
4/20/2022,88
4/21/2022,81
4/22/2022,80
4/23/2022,83
4/24/2022,85
4/25/2022,87
4/26/2022,86
4/27/2022,89
5/1/2022,92
5/2/2022,92
5/3/2022,85
5/4/2022,77
5/5/2022,82
5/6/2022,81
5/7/2022,86
5/8/2022,91
5/9/2022,88
5/10/2022,87
5/11/2022,89
5/12/2022,94
5/13/2022,92
5/14/2022,93
5/15/2022,96
5/16/2022,97
5/17/2022,89
5/18/2022,89
5/19/2022,93
5/20/2022,94
5/21/2022,92
5/22/2022,88
5/23/2022,81
5/24/2022,76
5/25/2022,83
5/26/2022,87
5/27/2022,89
5/28/2022,85
5/29/2022,90
5/30/2022,80
5/31/2022,90
6/1/2022,94
6/2/2022,97
6/3/2022,94
6/4/2022,94
6/5/2022,95
6/6/2022,99
6/7/2022,96
6/8/2022,96
6/9/2022,98
6/10/2022,97
6/11/2022,98
6/12/2022,96
6/13/2022,95
6/14/2022,98
6/15/2022,95
6/16/2022,87
6/17/2022,82
6/18/2022,78
6/19/2022,83
6/20/2022,81
6/21/2022,71
6/22/2022,80
6/23/2022,82
6/24/2022,88
6/25/2022,91
6/26/2022,92
6/27/2022,93
6/28/2022,95
6/29/2022,91
6/30/2022,84
7/1/2022,82
7/2/2022,88
7/3/2022,83
7/4/2022,89
7/5/2022,89
7/6/2022,83
7/7/2022,88
7/8/2022,86
7/9/2022,83
7/10/2022,83
7/11/2022,86
7/12/2022,89
7/13/2022,83
7/14/2022,76
7/15/2022,78
7/16/2022,85
7/17/2022,84
7/18/2022,88
7/19/2022,88
7/20/2022,81
7/21/2022,78
7/22/2022,85
7/23/2022,80
7/24/2022,83
7/25/2022,80
7/26/2022,83
7/27/2022,81
7/28/2022,79
7/29/2022,83
7/30/2022,83
7/31/2022,81
8/1/2022,83
8/2/2022,85
8/3/2022,88
8/4/2022,85
8/5/2022,79
8/6/2022,81
8/7/2022,85
8/8/2022,87
8/9/2022,86
8/10/2022,88
8/11/2022,76
8/12/2022,84
8/13/2022,89
8/14/2022,86
8/15/2022,76
8/16/2022,83
8/17/2022,85
8/18/2022,86
8/19/2022,86
8/20/2022,82
8/21/2022,85
8/22/2022,86
8/23/2022,89
8/24/2022,80
8/25/2022,84
8/26/2022,85
8/27/2022,84
8/28/2022,86
8/29/2022,83
8/30/2022,86
8/31/2022,87
9/1/2022,86
9/2/2022,87
9/3/2022,82
9/4/2022,79
9/5/2022,78
9/6/2022,81
9/7/2022,84
9/8/2022,85
9/9/2022,83
9/10/2022,82
9/11/2022,78
9/12/2022,83
9/13/2022,83
9/14/2022,85
9/15/2022,82
9/16/2022,79
9/17/2022,80
9/18/2022,82
9/19/2022,83
9/20/2022,83
9/21/2022,80
9/22/2022,82
9/23/2022,80
9/24/2022,79
9/25/2022,75
9/26/2022,78
9/27/2022,80
9/28/2022,80
9/29/2022,81
9/30/2022,83
10/1/2022,82
10/2/2022,80
10/3/2022,80
10/4/2022,81
10/5/2022,80
10/6/2022,80
10/7/2022,80
10/8/2022,80
10/9/2022,78
10/10/2022,74
10/11/2022,71
10/12/2022,73
10/13/2022,75
10/14/2022,75
10/15/2022,74
10/16/2022,76
10/17/2022,76
10/18/2022,74
10/19/2022,74
10/20/2022,68
10/21/2022,72
10/22/2022,70
10/23/2022,70
10/24/2022,70
10/25/2022,69
10/26/2022,71
10/27/2022,70
10/28/2022,71
10/29/2022,71
10/30/2022,72
10/31/2022,73
11/1/2022,73
11/2/2022,71
11/3/2022,70
11/4/2022,71
11/5/2022,71
11/6/2022,71
11/7/2022,68
11/8/2022,68
11/9/2022,64
11/10/2022,66
11/11/2022,63
11/12/2022,63
11/13/2022,63
11/14/2022,61
11/15/2022,65
11/16/2022,61
11/17/2022,62
11/18/2022,61
11/19/2022,61
11/20/2022,61
11/21/2022,62
11/22/2022,60
11/23/2022,60
11/24/2022,60
11/25/2022,61
11/26/2022,60
11/27/2022,62
11/28/2022,60
11/29/2022,61
11/30/2022,60
12/1/2022,60
12/2/2022,60
12/3/2022,62
12/4/2022,59
12/5/2022,58
12/6/2022,58
12/7/2022,58
12/8/2022,59
12/9/2022,65
12/10/2022,63
12/11/2022,60
12/12/2022,59
12/13/2022,57
12/14/2022,56
12/15/2022,56
12/16/2022,58
12/17/2022,56
12/18/2022,56
12/19/2022,57
12/20/2022,55
12/21/2022,54
12/22/2022,52
12/23/2022,49
12/24/2022,49
12/25/2022,47
12/26/2022,49
12/27/2022,48
12/28/2022,50
12/29/2022,52
12/30/2022,55
12/31/2022,55
1/1/2023,51
1/2/2023,51
1/3/2023,46
1/4/2023,46
1/5/2023,44
1/6/2023,45
1/7/2023,47
1/8/2023,49
1/9/2023,51
1/10/2023,49
1/11/2023,52
1/12/2023,54
1/13/2023,51
1/14/2023,51
1/15/2023,50
1/16/2023,49
1/17/2023,49
1/18/2023,51
1/19/2023,54
1/20/2023,51
1/21/2023,55
1/22/2023,53
1/23/2023,56
1/24/2023,57
1/25/2023,54
1/26/2023,53
1/27/2023,55
1/28/2023,55
1/29/2023,58
1/30/2023,55
1/31/2023,56
2/1/2023,56
2/2/2023,57
2/3/2023,58
2/4/2023,60
2/5/2023,60
2/6/2023,62
2/7/2023,59
2/8/2023,58
2/9/2023,60
2/10/2023,63
2/11/2023,58
2/12/2023,54
2/13/2023,54
2/14/2023,59
2/15/2023,64
2/16/2023,65
2/17/2023,64
2/18/2023,65
2/19/2023,68
2/20/2023,68
2/21/2023,68
2/22/2023,64
2/23/2023,65
2/24/2023,65
2/25/2023,66
2/26/2023,67
2/27/2023,69
2/28/2023,65
3/1/2023,67
3/2/2023,69
3/3/2023,69
3/4/2023,67
3/5/2023,69
3/6/2023,68
3/7/2023,70
3/8/2023,71
3/9/2023,71
3/10/2023,71
3/11/2023,72
3/12/2023,72
3/13/2023,72
3/14/2023,73
3/15/2023,71
3/16/2023,74
3/17/2023,64
3/18/2023,64
3/19/2023,68
3/20/2023,68
3/21/2023,64
3/22/2023,68
3/23/2023,66
3/24/2023,65
3/25/2023,63
3/26/2023,67
3/27/2023,69
3/28/2023,70
3/29/2023,73
3/30/2023,73
3/31/2023,64
4/1/2023,60
4/2/2023,68
4/3/2023,64
4/4/2023,69
4/5/2023,71
4/6/2023,71
4/7/2023,72
4/8/2023,74
4/9/2023,76
4/10/2023,76
4/11/2023,79
4/12/2023,80
4/13/2023,82
4/14/2023,83
4/15/2023,86
4/16/2023,86
4/17/2023,88
4/18/2023,81
4/19/2023,72
4/20/2023,74
4/21/2023,74
4/22/2023,72
4/23/2023,78
4/24/2023,80
4/25/2023,80
4/26/2023,80
4/27/2023,77
4/28/2023,78
4/29/2023,83
4/30/2023,80
5/1/2023,72
5/2/2023,67
5/3/2023,70
5/4/2023,74
5/5/2023,78
5/6/2023,78
5/7/2023,77
5/8/2023,75
5/9/2023,77
5/10/2023,77
5/11/2023,81
5/12/2023,85
5/13/2023,87
5/14/2023,85
5/15/2023,87
5/16/2023,86
5/17/2023,90
5/18/2023,81
5/19/2023,85
5/20/2023,88
5/21/2023,91
5/22/2023,93
5/23/2023,90
5/24/2023,80
5/25/2023,74
5/26/2023,81
5/27/2023,79
5/28/2023,82
5/29/2023,81
5/30/2023,77
5/31/2023,70
6/1/2023,72
6/2/2023,77
6/3/2023,81
6/4/2023,84
6/5/2023,88
6/6/2023,86
6/7/2023,79
6/8/2023,87
6/9/2023,91
6/10/2023,87
6/11/2023,85
6/12/2023,90
6/13/2023,91
6/14/2023,88
6/15/2023,84
6/16/2023,86
6/17/2023,92
6/18/2023,87
6/19/2023,88
6/20/2023,91
6/21/2023,93
6/22/2023,94
6/23/2023,94
6/24/2023,92
6/25/2023,86
6/26/2023,80
6/27/2023,87
6/28/2023,86
6/29/2023,87
6/30/2023,81
7/1/2023,86
7/2/2023,88
7/3/2023,87
7/4/2023,84
7/5/2023,79
7/6/2023,83
7/7/2023,83
7/8/2023,77
7/9/2023,78
7/10/2023,84
7/11/2023,86
7/12/2023,85
7/13/2023,87
7/14/2023,85
7/15/2023,87
7/16/2023,83
7/17/2023,85
7/18/2023,85
7/19/2023,78
7/20/2023,84
7/21/2023,83
7/22/2023,80
7/23/2023,87
7/24/2023,87
7/25/2023,84
7/26/2023,84
7/27/2023,83
7/28/2023,80
7/29/2023,81
7/30/2023,85
7/31/2023,86
8/1/2023,89
8/2/2023,84
8/3/2023,87
8/4/2023,84
8/5/2023,84
8/6/2023,83
8/7/2023,83
8/8/2023,87
8/9/2023,85
8/10/2023,83
8/11/2023,85
8/12/2023,88
8/13/2023,86
8/14/2023,80
8/15/2023,83
8/16/2023,84
8/17/2023,85
8/18/2023,88
8/19/2023,82
8/20/2023,87
8/21/2023,87
8/22/2023,89
8/23/2023,85
8/24/2023,82
8/25/2023,81
8/26/2023,80
8/27/2023,85
8/28/2023,79
8/29/2023,84
8/30/2023,84
8/31/2023,85
9/1/2023,87
9/2/2023,86
9/3/2023,85
9/4/2023,86
9/5/2023,81
9/6/2023,85
9/7/2023,85
9/8/2023,86
9/9/2023,82
9/10/2023,82
9/11/2023,81
9/12/2023,82
9/13/2023,83
9/14/2023,82
9/15/2023,81
9/16/2023,83
9/17/2023,80
9/18/2023,79
9/19/2023,82
9/20/2023,83
9/21/2023,84
9/22/2023,80
9/23/2023,80
9/24/2023,80
9/25/2023,78
9/26/2023,78
9/27/2023,79
9/28/2023,78
9/29/2023,80
9/30/2023,77
10/1/2023,77
10/2/2023,76
10/3/2023,77
10/4/2023,78
10/5/2023,78
10/6/2023,79
10/7/2023,80
10/8/2023,80
10/9/2023,78
10/10/2023,73
10/11/2023,73
10/12/2023,75
10/13/2023,74
10/14/2023,69
10/15/2023,73
10/16/2023,64
10/17/2023,62
10/18/2023,67
10/19/2023,68
10/20/2023,69
10/21/2023,70
10/22/2023,69
10/23/2023,69
10/24/2023,69
10/25/2023,69
10/26/2023,69
10/27/2023,70
10/28/2023,69
10/29/2023,70
10/30/2023,71
10/31/2023,71
11/1/2023,71
11/2/2023,70
11/3/2023,69
11/4/2023,68
11/5/2023,67
11/6/2023,68
11/7/2023,66
11/8/2023,66
11/9/2023,68
11/10/2023,60
11/11/2023,63
11/12/2023,64
11/13/2023,64
11/14/2023,65
11/15/2023,65
11/16/2023,63
11/17/2023,65
11/18/2023,63
11/19/2023,64
11/20/2023,63
11/21/2023,62
11/22/2023,61
11/23/2023,62
11/24/2023,63
11/25/2023,61
11/26/2023,63
11/27/2023,62
11/28/2023,62
11/29/2023,63
11/30/2023,58
12/1/2023,61
12/2/2023,60
12/3/2023,60
12/4/2023,60
12/5/2023,58
12/6/2023,59
12/7/2023,59
12/8/2023,58
12/9/2023,57
12/10/2023,56
12/11/2023,57
12/12/2023,56
12/13/2023,55
12/14/2023,54
12/15/2023,55
12/16/2023,54
12/17/2023,55
12/18/2023,54
12/19/2023,54
12/20/2023,54
12/21/2023,54
12/22/2023,58
12/23/2023,60
12/24/2023,57
12/27/2023,56
12/28/2023,53
12/29/2023,54
12/30/2023,54
12/31/2023,51
1/1/2024,49
1/2/2024,49
1/3/2024,48
1/4/2024,45
1/5/2024,46
1/6/2024,44
1/7/2024,44
1/8/2024,46
1/9/2024,45
1/10/2024,45
1/11/2024,44
1/12/2024,44
1/13/2024,45
1/14/2024,43
1/15/2024,44
1/16/2024,49
1/17/2024,54
1/18/2024,53
1/19/2024,49
1/20/2024,47
1/21/2024,45
1/22/2024,46
1/23/2024,45
1/24/2024,44
1/25/2024,46
1/26/2024,56
1/27/2024,58
1/28/2024,58
1/29/2024,57
1/30/2024,55
1/31/2024,59
2/1/2024,51
2/2/2024,54
2/3/2024,53
2/4/2024,51
2/5/2024,53
2/6/2024,53
2/7/2024,53
2/8/2024,54
2/9/2024,56
2/10/2024,57
2/11/2024,58
2/12/2024,58
2/13/2024,60
2/14/2024,59
2/15/2024,60
2/16/2024,60
2/17/2024,62
2/18/2024,61
2/19/2024,62
2/20/2024,58
2/21/2024,59
2/22/2024,58
2/23/2024,57
2/24/2024,57
2/25/2024,57
2/26/2024,58
2/27/2024,59
2/28/2024,60
2/29/2024,61
3/1/2024,61
3/2/2024,62
3/3/2024,55
3/4/2024,54
3/5/2024,56
3/6/2024,57
3/7/2024,61
3/8/2024,61
3/9/2024,64
3/10/2024,65
3/11/2024,65
3/12/2024,68
3/13/2024,64
3/14/2024,66
3/15/2024,64
3/16/2024,65
3/17/2024,67
3/18/2024,68
3/19/2024,70
3/20/2024,72
3/21/2024,73
3/22/2024,72
3/23/2024,72
3/24/2024,74
3/25/2024,74
3/26/2024,73
3/27/2024,79
4/3/2024,75
4/4/2024,76
4/5/2024,76
4/6/2024,76
4/7/2024,77
4/8/2024,78
4/9/2024,78
4/10/2024,78
4/11/2024,76
4/12/2024,79
4/13/2024,77
4/14/2024,75
4/15/2024,73
4/19/2024,72
4/20/2024,76
4/21/2024,78
4/22/2024,79
4/23/2024,76
4/24/2024,79
4/25/2024,81
4/26/2024,84
4/27/2024,74
4/28/2024,79
4/29/2024,67
4/30/2024,72
5/2/2024,76
5/3/2024,79
5/4/2024,82
5/5/2024,82
5/6/2024,85
5/7/2024,87
5/8/2024,87
5/9/2024,88
5/10/2024,82
5/11/2024,83
5/12/2024,77
5/13/2024,81
5/14/2024,84
5/15/2024,87
5/16/2024,90
5/17/2024,91
5/18/2024,91
5/19/2024,93
5/20/2024,92
5/21/2024,92
5/22/2024,93
5/23/2024,92
5/24/2024,92
5/25/2024,89
5/26/2024,94
5/27/2024,92
5/28/2024,94
5/29/2024,97
5/30/2024,96
5/31/2024,98
6/1/2024,96
6/2/2024,93
6/3/2024,94
6/4/2024,93
6/5/2024,89
6/6/2024,86
6/7/2024,90
6/8/2024,86
6/9/2024,90
6/10/2024,93
6/11/2024,94
6/12/2024,96
6/13/2024,94
6/14/2024,91
6/15/2024,94
6/16/2024,96
6/17/2024,96
6/18/2024,96
6/19/2024,94
6/20/2024,88
6/21/2024,85
6/22/2024,92
6/23/2024,95
6/24/2024,96
6/25/2024,96
6/26/2024,97
6/27/2024,88
6/28/2024,93
6/29/2024,85
6/30/2024,87
7/1/2024,88
7/2/2024,91
7/3/2024,91
7/4/2024,86
7/5/2024,84
7/6/2024,80
7/7/2024,85
7/8/2024,88
7/9/2024,87
7/10/2024,84
7/11/2024,88
7/12/2024,80
7/13/2024,83
7/14/2024,85
7/15/2024,89
7/16/2024,91
7/17/2024,91
7/18/2024,83
7/19/2024,89
7/20/2024,92
7/21/2024,88
7/22/2024,86
7/23/2024,83
7/24/2024,88
7/25/2024,88
7/26/2024,87
7/27/2024,88
7/28/2024,85
7/29/2024,86
7/30/2024,90
7/31/2024,91
8/1/2024,80
8/2/2024,88
8/3/2024,84
8/4/2024,83
8/5/2024,86
8/6/2024,83
8/7/2024,82
8/8/2024,84
8/9/2024,85
8/10/2024,85
8/11/2024,80
8/13/2024,87
8/14/2024,84
8/15/2024,81
8/16/2024,86
8/17/2024,82
8/18/2024,84
8/19/2024,85
8/20/2024,81
8/21/2024,81
8/22/2024,85
8/23/2024,85
8/24/2024,85
8/25/2024,86
8/26/2024,82
8/27/2024,80
8/28/2024,81
8/29/2024,78
8/30/2024,80
8/31/2024,83
9/1/2024,85
9/2/2024,83
9/3/2024,81
9/4/2024,83
9/5/2024,84
9/6/2024,82
9/7/2024,80
9/8/2024,84
9/9/2024,86
9/10/2024,83
9/11/2024,83
9/12/2024,85
9/13/2024,81
9/14/2024,81
9/15/2024,82
9/16/2024,83
9/17/2024,84
9/18/2024,85
9/19/2024,83
9/20/2024,83
9/21/2024,85
9/22/2024,85
9/23/2024,86
9/24/2024,87
9/25/2024,87
9/26/2024,83
9/27/2024,77
9/28/2024,78
9/29/2024,81
9/30/2024,80
10/1/2024,81
10/2/2024,82
10/3/2024,82
10/4/2024,82
10/5/2024,80
10/6/2024,77
10/7/2024,77
10/8/2024,77
10/9/2024,76
10/10/2024,75
10/11/2024,74
10/12/2024,76
10/13/2024,76
10/14/2024,76
10/15/2024,76
10/16/2024,77
10/17/2024,76
10/18/2024,76
10/19/2024,75
10/20/2024,76
10/21/2024,76
10/22/2024,76
10/23/2024,74
10/24/2024,73
10/25/2024,72
10/26/2024,74
10/27/2024,75
10/28/2024,76
10/29/2024,76
10/30/2024,73
10/31/2024,71
11/1/2024,71
11/2/2024,71
11/3/2024,71
11/4/2024,72
11/5/2024,72
11/6/2024,71
11/7/2024,72
11/8/2024,71
11/9/2024,70
11/10/2024,70
11/11/2024,70
11/12/2024,67
11/13/2024,65
11/14/2024,64
11/15/2024,63
11/16/2024,63
11/17/2024,64
11/22/2024,63
11/23/2024,65
11/24/2024,64
11/25/2024,62
11/26/2024,62
11/27/2024,60
11/28/2024,60
11/29/2024,61
11/30/2024,60
12/2/2024,60
12/3/2024,64
